%Atmospheric Temperature [K],Atmospheric Pressure [Pa],Atmospheric Density [kg/m^3],Airspeed [m/s],PT1 Differential Pressure [Pa],PT2 Differential Pressure [Pa],Angle of Attack [deg],Sting Normal Force [N],Sting Axial Force [N],Sting Pitching Moment [Nm],ELD Probe X axis [mm],ELD Probe Y axis [mm],Applied Voltage [V],Scanivalve Pressure 1 [Pa],Scanivalve Pressure 2 [Pa],Scanivalve Pressure 3 [Pa],Scanivalve Pressure 4 [Pa],Scanivalve Pressure 5 [Pa],Scanivalve Pressure 6 [Pa],Scanivalve Pressure 7 [Pa],Scanivalve Pressure 8 [Pa],Scanivalve Pressure 9 [Pa],Scanivalve Pressure 10 [Pa],Scanivalve Pressure 11 [Pa],Scanivalve Pressure 12 [Pa],Scanivalve Pressure 13 [Pa],Scanivalve Pressure 14 [Pa],Scanivalve Pressure 15 [Pa],Scanivalve Pressure 16 [Pa],%11/3/202112:17 PM
294.595,83000.867,0.982,9.968,48.760,51.668,-14.000,3917.671,-2074.149,-104.296,-0.034,0.045,2.192,3.032,36.735,14.991,-8.979,-13.281,-17.131,-20.930,-21.945,-16.300,-20.326,-19.830,-20.289,-16.310,-15.257,-17.932,-18.919
294.507,82955.922,0.981,9.965,48.723,51.573,-14.000,3917.671,-2074.149,-104.296,-0.034,0.045,2.192,3.790,36.964,15.205,-8.144,-13.389,-17.235,-21.144,-21.303,-15.742,-18.033,-19.514,-20.289,-16.937,-15.885,-19.072,-20.608
294.507,82955.922,0.981,9.965,48.723,51.573,-14.000,3917.671,-2074.149,-104.296,-0.034,0.045,2.192,2.382,37.188,14.991,-8.248,-12.849,-16.508,-20.289,-20.233,-15.519,-18.658,-19.935,-19.758,-16.205,-16.198,-18.243,-19.482
294.495,82947.398,0.981,9.965,48.715,51.732,-14.000,3917.671,-2074.149,-104.296,-0.035,0.046,2.192,2.816,37.076,14.884,-8.561,-13.281,-16.924,-20.930,-21.303,-16.970,-20.430,-20.146,-20.502,-16.519,-15.885,-18.347,-19.144
294.495,82947.398,0.981,9.965,48.715,51.732,-14.000,3917.671,-2074.149,-104.296,-0.035,0.046,2.192,3.574,36.294,14.884,-8.979,-13.173,-17.131,-21.144,-21.089,-16.635,-19.283,-18.881,-19.652,-15.160,-15.362,-16.999,-18.356
294.600,83000.930,0.982,9.976,48.841,51.758,-14.000,3917.671,-2074.149,-104.296,-0.034,0.045,2.192,3.898,38.081,14.884,-7.935,-12.957,-16.197,-20.396,-20.768,-15.519,-19.596,-19.725,-20.395,-16.937,-15.571,-17.725,-18.018
294.508,82955.531,0.981,9.980,48.871,51.691,-14.000,3917.671,-2074.149,-104.296,-0.034,0.045,2.192,3.790,37.076,14.777,-8.770,-13.389,-16.924,-21.037,-21.624,-16.970,-21.055,-21.096,-20.714,-16.624,-15.675,-17.932,-18.694
294.508,82955.531,0.981,9.980,48.872,51.613,-14.000,3917.671,-2074.149,-104.296,-0.034,0.045,2.192,4.007,36.518,14.563,-8.770,-14.144,-17.028,-21.037,-21.306,-16.635,-18.971,-19.303,-19.758,-15.996,-15.153,-17.103,-18.130
294.497,82952.820,0.981,9.991,48.799,51.735,-14.000,3917.671,-2074.149,-104.296,-0.034,0.046,2.192,4.440,37.523,14.777,-8.144,-13.065,-17.131,-20.610,-21.092,-16.077,-18.241,-19.408,-20.714,-17.251,-15.989,-19.591,-20.270
294.604,83004.477,0.982,9.990,48.976,51.727,-14.000,3917.671,-2074.149,-104.296,-0.034,0.045,2.192,2.599,36.518,13.706,-9.084,-14.144,-17.131,-21.250,-21.306,-16.859,-18.450,-21.201,-20.502,-16.937,-15.571,-18.243,-18.468
294.604,83004.477,0.982,9.990,48.982,51.722,-14.000,3917.671,-2074.149,-104.296,-0.034,0.045,2.192,3.574,37.411,14.670,-8.144,-13.821,-16.612,-20.289,-20.022,-15.295,-16.365,-19.933,-19.652,-16.205,-15.153,-17.932,-18.468
294.506,82953.594,0.981,9.975,48.650,51.777,-14.000,3917.671,-2074.149,-104.296,-0.034,0.045,2.192,4.332,37.523,15.098,-8.457,-14.252,-16.716,-21.357,-21.735,-17.417,-19.596,-20.776,-20.608,-16.414,-15.780,-19.072,-20.495
294.506,82953.594,0.981,9.975,48.819,51.568,-14.000,3917.671,-2074.149,-104.296,-0.034,0.045,2.192,2.382,36.406,14.134,-9.084,-14.037,-17.028,-21.891,-21.628,-16.412,-18.345,-19.300,-20.396,-16.937,-15.153,-17.932,-18.356
294.496,82948.297,0.981,9.940,48.472,51.692,-14.000,3917.671,-2074.149,-104.296,-0.034,0.046,2.192,4.332,36.518,15.205,-8.666,-13.389,-16.924,-20.396,-21.306,-15.854,-18.762,-19.511,-20.077,-15.160,-15.467,-17.414,-19.707
294.496,82948.297,0.981,9.940,48.472,51.692,-14.000,3917.671,-2074.149,-104.296,-0.034,0.046,2.192,3.682,35.848,14.027,-9.814,-14.576,-17.754,-21.891,-22.591,-17.640,-18.345,-19.089,-20.289,-16.519,-16.512,-18.554,-19.820
294.595,83000.539,0.982,9.959,48.671,51.592,-14.000,3917.671,-2074.149,-104.296,-0.034,0.045,2.192,3.790,36.183,14.241,-9.606,-13.713,-17.339,-21.250,-20.878,-15.295,-18.137,-19.300,-19.758,-15.369,-15.049,-17.103,-18.356
294.595,83000.539,0.982,9.959,48.671,51.592,-14.000,3917.671,-2074.149,-104.296,-0.034,0.045,2.192,4.439,37.188,15.205,-8.353,-13.065,-17.131,-20.396,-21.092,-15.519,-20.326,-19.933,-20.502,-16.624,-15.989,-18.762,-20.608
294.504,83028.758,0.982,9.964,48.523,51.592,-14.000,3917.671,-2074.149,-104.296,-0.034,0.045,2.192,2.599,35.178,14.670,-9.814,-13.281,-17.339,-21.357,-21.735,-16.412,-19.179,-20.776,-20.927,-17.042,-16.094,-18.140,-19.369
294.657,83028.758,0.982,9.964,48.725,51.559,-14.000,3917.671,-2074.149,-104.296,-0.034,0.045,2.192,3.357,36.964,14.991,-8.457,-13.281,-16.716,-20.182,-21.092,-14.849,-19.388,-19.827,-19.864,-15.265,-15.571,-17.103,-19.144
294.597,82999.766,0.982,9.985,48.931,51.646,-14.000,3917.671,-2074.149,-104.296,-0.034,0.045,2.192,4.223,37.188,15.205,-8.979,-13.605,-17.443,-21.677,-22.163,-17.528,-20.430,-22.042,-21.776,-17.669,-17.870,-19.384,-21.847
294.892,82906.711,0.979,18.056,159.662,172.344,-14.000,3917.671,-2074.149,-104.296,-0.034,0.046,3.711,1.408,100.045,31.267,-41.972,-57.658,-72.263,-80.529,-81.799,-67.322,-84.743,-86.914,-86.588,-79.471,-77.959,-77.637,-77.589
294.897,82909.297,0.979,18.108,160.575,172.547,-14.000,3917.671,-2074.149,-104.296,-0.035,0.045,3.711,1.949,101.289,32.016,-41.346,-58.197,-73.198,-81.704,-83.191,-69.443,-86.306,-82.273,-84.038,-79.052,-77.019,-76.393,-76.238
294.897,82909.297,0.979,18.108,160.575,172.547,-14.000,3917.671,-2074.149,-104.296,-0.035,0.045,3.711,3.573,100.396,31.481,-42.390,-58.629,-73.405,-82.344,-83.298,-69.220,-87.244,-84.172,-82.550,-77.797,-75.556,-75.772,-75.787
294.987,82955.336,0.980,18.090,160.301,172.294,-14.000,3917.671,-2074.149,-104.296,-0.034,0.045,3.711,4.981,99.726,30.839,-42.807,-58.413,-74.236,-81.917,-82.121,-65.759,-88.808,-83.539,-82.763,-78.948,-79.945,-80.747,-82.319
294.901,82908.648,0.979,18.105,160.513,172.406,-14.000,3917.671,-2074.149,-104.296,-0.034,0.045,3.711,-0.865,99.726,30.410,-43.538,-59.601,-74.651,-82.772,-84.048,-70.671,-89.016,-85.016,-85.950,-81.771,-80.885,-81.680,-84.684
294.901,82908.648,0.979,18.105,160.513,172.406,-14.000,3917.671,-2074.149,-104.296,-0.034,0.045,3.711,-2.163,100.061,29.875,-43.120,-59.709,-74.859,-82.558,-84.048,-69.331,-88.078,-85.332,-84.675,-83.444,-82.035,-82.716,-84.121
295.055,82988.398,0.980,18.129,161.021,172.205,-14.000,3917.671,-2074.149,-104.296,-0.034,0.045,3.711,-1.622,101.066,30.731,-42.703,-58.629,-74.236,-82.011,-83.191,-69.220,-95.792,-87.125,-86.269,-81.666,-80.676,-81.162,-84.121
294.982,82952.047,0.980,18.056,159.687,172.486,-14.000,3917.671,-2074.149,-104.296,-0.034,0.045,3.711,-1.081,99.614,30.196,-43.538,-59.925,-74.859,-82.545,-83.620,-67.657,-90.371,-87.653,-86.375,-82.608,-82.871,-83.235,-84.684
294.982,82952.047,0.980,18.056,159.687,172.486,-14.000,3917.671,-2074.149,-104.296,-0.034,0.045,3.711,-1.298,101.289,31.481,-42.598,-58.953,-74.651,-83.079,-84.476,-69.109,-90.059,-87.442,-86.906,-81.353,-80.154,-81.576,-82.432
294.894,82907.297,0.979,18.093,159.905,172.478,-14.000,3917.671,-2074.149,-104.296,-0.034,0.046,3.710,0.000,100.731,31.053,-43.434,-59.169,-75.170,-82.332,-83.191,-66.095,-89.642,-85.016,-83.719,-80.098,-80.154,-81.265,-83.558
295.055,82986.398,0.980,18.056,159.724,171.592,-14.000,3917.671,-2074.149,-104.296,-0.033,0.045,3.710,-0.108,101.178,30.839,-43.016,-58.413,-73.924,-81.584,-83.406,-67.993,-88.391,-84.476,-87.331,-82.608,-83.184,-84.168,-87.499
295.055,82986.398,0.980,18.056,159.724,171.592,-14.000,3917.671,-2074.149,-104.296,-0.033,0.045,3.710,-4.109,101.848,31.695,-43.016,-57.874,-74.443,-81.371,-83.084,-67.881,-87.349,-83.211,-86.256,-79.680,-80.258,-80.851,-82.319
294.994,82954.758,0.980,18.031,158.966,171.782,-14.000,3917.671,-2074.149,-104.296,-0.034,0.045,3.711,0.433,99.949,29.661,-43.851,-59.709,-75.793,-83.079,-84.476,-69.221,-85.160,-81.840,-82.432,-78.635,-78.691,-79.296,-79.053
294.994,82954.758,0.980,18.031,159.243,171.597,-14.000,3917.671,-2074.149,-104.296,-0.034,0.045,3.711,3.032,99.838,30.410,-43.329,-59.601,-75.274,-82.972,-84.476,-69.221,-81.929,-80.680,-80.201,-74.661,-74.720,-75.668,-77.026
295.008,82964.250,0.980,18.023,159.117,171.614,-14.000,3917.671,-2074.149,-104.296,-0.034,0.046,3.710,5.305,99.949,29.768,-43.956,-59.493,-74.443,-82.439,-83.191,-66.541,-78.593,-81.629,-83.069,-79.053,-78.587,-80.333,-83.445
295.057,82987.047,0.980,17.993,158.614,171.243,-14.000,3917.671,-2074.149,-104.296,-0.034,0.045,3.710,-1.730,98.944,29.661,-42.807,-59.169,-74.340,-82.011,-83.191,-68.886,-86.202,-83.738,-82.857,-78.007,-76.392,-76.809,-78.266
295.057,82987.047,0.980,17.993,158.614,171.243,-14.000,3917.671,-2074.149,-104.296,-0.034,0.045,3.710,2.816,100.173,30.946,-42.390,-59.061,-74.547,-82.972,-84.155,-68.997,-82.137,-84.793,-83.176,-78.635,-78.169,-79.504,-81.306
294.900,82909.937,0.979,18.017,158.966,171.417,-14.000,3917.671,-2074.149,-104.296,-0.034,0.045,3.710,0.217,99.838,30.303,-43.434,-59.061,-74.547,-83.293,-83.834,-70.672,-86.619,-82.683,-82.326,-77.694,-77.019,-77.327,-79.279
294.988,82950.305,0.980,18.054,159.654,171.325,-14.000,3917.671,-2074.149,-104.296,-0.034,0.045,3.710,2.924,98.721,28.697,-44.478,-60.681,-76.001,-83.934,-85.440,-71.007,-83.388,-83.527,-82.113,-79.053,-78.796,-80.022,-81.644
295.003,82960.633,0.980,18.068,159.906,171.494,-14.000,3917.671,-2074.149,-104.296,-0.033,0.045,3.710,-0.108,100.508,30.410,-43.121,-59.493,-74.443,-83.186,-83.191,-69.667,-90.789,-87.640,-83.919,-79.785,-79.528,-80.540,-81.869
294.557,82980.648,0.981,32.997,534.269,547.001,-14.000,3917.671,-2074.149,-104.296,-0.034,0.045,6.411,6.280,328.496,80.202,-174.675,-232.358,-289.260,-314.105,-313.708,-257.341,-338.866,-331.202,-324.252,-319.451,-319.257,-317.080,-315.537
294.481,82942.102,0.981,33.035,535.412,547.020,-14.000,3917.671,-2074.149,-104.296,-0.034,0.046,6.411,-16.219,333.573,84.913,-170.812,-229.874,-288.222,-313.357,-313.922,-264.710,-346.684,-328.038,-324.571,-321.542,-320.825,-322.884,-326.235
294.481,82942.102,0.981,33.035,535.412,547.020,-14.000,3917.671,-2074.149,-104.296,-0.034,0.046,6.411,-20.868,332.009,82.664,-172.378,-230.414,-288.430,-313.891,-315.099,-263.370,-339.492,-336.793,-327.545,-326.038,-321.452,-319.878,-317.677
294.508,82955.211,0.981,32.948,532.613,547.710,-14.000,3917.671,-2074.149,-104.296,-0.034,0.045,6.411,-16.327,332.903,85.341,-170.707,-227.823,-286.457,-311.435,-313.172,-261.472,-346.475,-330.886,-325.102,-319.974,-321.243,-325.061,-331.978
294.508,82955.211,0.981,32.948,532.613,547.710,-14.000,3917.671,-2074.149,-104.296,-0.034,0.045,6.411,-28.004,336.141,87.911,-169.141,-227.607,-286.249,-311.114,-311.887,-261.249,-348.143,-336.371,-329.458,-329.280,-329.080,-325.372,-321.956
294.604,83002.930,0.982,32.993,534.204,547.163,-14.000,3917.671,-2074.149,-104.296,-0.034,0.045,6.411,-14.056,330.446,82.343,-175.405,-231.602,-290.195,-314.639,-315.635,-259.239,-346.267,-334.789,-327.014,-322.169,-317.271,-312.726,-307.429
294.482,82941.391,0.981,32.992,534.013,547.656,-14.000,3917.671,-2074.149,-104.296,-0.034,0.045,6.411,-5.190,330.892,82.985,-173.526,-230.739,-289.468,-313.523,-316.920,-265.157,-347.414,-328.671,-324.783,-316.837,-314.241,-313.348,-313.510
294.482,82941.391,0.981,32.992,534.013,547.656,-14.000,3917.671,-2074.149,-104.296,-0.034,0.045,6.411,-8.542,330.222,82.343,-173.735,-231.170,-290.298,-313.843,-316.122,-261.137,-342.098,-333.734,-318.196,-310.667,-308.702,-308.994,-313.848
294.517,82961.281,0.981,33.039,535.582,547.779,-14.000,3917.671,-2074.149,-104.296,-0.034,0.046,6.412,-12.110,333.461,85.234,-171.542,-229.227,-288.014,-311.280,-312.161,-260.359,-338.554,-334.050,-324.996,-316.523,-312.882,-312.415,-316.213
294.559,82980.328,0.981,33.030,535.344,548.127,-14.000,3917.671,-2074.149,-104.296,-0.034,0.045,6.412,-14.489,331.339,83.414,-172.691,-230.091,-288.637,-312.348,-313.766,-257.903,-372.536,-333.734,-325.527,-319.346,-317.271,-316.354,-319.816
294.559,82980.328,0.981,33.030,535.344,548.127,-14.000,3917.671,-2074.149,-104.296,-0.034,0.045,6.412,-17.624,332.903,85.448,-170.394,-228.039,-286.872,-310.640,-312.910,-260.024,-344.080,-335.690,-332.645,-327.398,-324.169,-321.640,-321.731
294.475,82937.062,0.981,33.030,535.206,548.239,-14.000,3917.671,-2074.149,-104.296,-0.034,0.046,6.412,-17.624,333.014,85.662,-172.378,-230.091,-289.883,-314.270,-318.263,-267.616,-349.083,-328.308,-321.868,-316.523,-317.271,-319.360,-325.560
294.642,83017.461,0.982,33.037,535.651,548.865,-14.000,3917.671,-2074.149,-104.296,-0.034,0.045,6.412,-21.409,329.664,82.878,-173.735,-230.523,-289.987,-313.736,-316.764,-267.839,-353.044,-341.280,-334.402,-323.741,-323.019,-322.470,-324.096
294.642,83017.461,0.982,33.037,535.651,548.865,-14.000,3917.671,-2074.149,-104.296,-0.034,0.045,6.412,-21.301,335.694,87.054,-170.811,-228.579,-287.703,-311.387,-314.623,-261.810,-352.106,-334.109,-322.930,-314.644,-313.094,-311.171,-310.582
294.553,82975.227,0.981,33.060,536.289,548.408,-14.000,3917.671,-2074.149,-104.296,-0.034,0.045,6.411,-10.164,332.568,85.448,-171.855,-229.551,-288.949,-312.775,-314.944,-261.364,-361.696,-340.436,-339.607,-329.179,-328.978,-332.943,-339.073
294.603,83002.539,0.982,33.039,535.690,548.406,-14.000,3917.671,-2074.149,-104.296,-0.034,0.045,6.411,-34.168,329.776,82.771,-173.108,-231.278,-291.441,-315.552,-317.513,-264.936,-356.484,-336.429,-334.402,-326.564,-326.470,-327.345,-327.928
294.486,82942.680,0.981,33.009,534.555,548.529,-14.000,3917.671,-2074.149,-104.296,-0.034,0.045,6.411,-26.166,335.694,87.162,-171.125,-229.011,-289.883,-313.202,-314.623,-260.024,-341.057,-329.046,-321.018,-310.670,-312.571,-310.657,-303.153
294.486,82942.680,0.981,33.009,534.555,548.529,-14.000,3917.671,-2074.149,-104.296,-0.034,0.045,6.411,-4.217,336.142,88.339,-168.932,-227.823,-286.768,-312.241,-314.195,-258.908,-346.061,-330.945,-322.505,-315.585,-313.930,-313.041,-315.202
294.650,83024.820,0.982,33.015,534.986,549.074,-14.000,3917.671,-2074.149,-104.296,-0.034,0.045,6.411,-15.029,332.345,85.020,-171.438,-229.659,-289.572,-314.377,-317.406,-268.956,-348.875,-329.468,-315.706,-307.638,-307.242,-301.535,-296.058
294.509,82954.562,0.981,33.008,534.552,549.404,-14.000,3917.671,-2074.149,-104.296,-0.034,0.045,6.411,7.039,330.112,81.701,-174.466,-232.034,-290.818,-314.270,-314.944,-259.912,-331.572,-318.184,-312.307,-309.415,-312.571,-315.943,-322.410
294.617,83006.672,0.982,10.043,49.494,52.549,-6.000,3917.671,-2074.149,-104.296,-0.034,0.045,2.076,0.108,29.031,9.423,-9.501,-9.718,-7.683,-5.447,-2.463,0.559,2.401,-0.422,-9.987,-25.828,-43.055,-43.639,-44.932
294.537,82967.352,0.981,10.027,49.329,52.417,-6.000,3917.671,-2074.149,-104.296,-0.034,0.045,2.076,0.541,28.924,9.316,-10.023,-9.070,-7.475,-5.981,-2.034,1.230,2.506,0.423,-12.855,-28.756,-40.129,-40.529,-42.229
294.629,83010.875,0.982,10.020,49.276,52.336,-6.000,3917.671,-2074.149,-104.296,-0.034,0.045,2.075,1.299,29.259,8.780,-10.023,-9.070,-8.306,-5.767,-2.891,0.671,2.401,-1.160,-13.174,-24.887,-41.592,-42.913,-45.157
294.462,82928.539,0.981,10.014,49.196,52.411,-6.000,3917.671,-2074.149,-104.296,-0.034,0.045,2.075,-0.865,29.259,8.780,-10.023,-9.934,-8.202,-5.981,-2.463,0.447,1.775,-0.844,-8.924,-21.645,-42.219,-44.571,-46.734
294.621,83006.742,0.982,10.001,49.196,52.411,-6.000,3917.671,-2074.149,-104.296,-0.034,0.045,2.075,-1.622,29.706,9.209,-9.083,-8.638,-8.306,-5.447,-1.927,0.783,2.297,-0.316,-8.074,-24.573,-42.533,-44.882,-46.734
294.542,82966.898,0.981,9.994,49.005,52.209,-6.000,3917.671,-2074.149,-104.296,-0.034,0.045,2.075,-1.730,29.035,8.780,-9.814,-9.718,-7.995,-6.301,-3.105,0.112,1.253,-0.527,-9.243,-27.187,-43.055,-44.468,-45.833
294.517,82955.531,0.981,9.991,48.971,52.203,-6.000,3917.671,-2074.149,-104.296,-0.035,0.045,2.075,-1.406,28.812,8.780,-9.501,-9.286,-7.995,-5.766,-2.998,1.118,2.506,0.528,-10.412,-25.828,-42.219,-42.602,-44.369
294.628,83012.227,0.982,9.961,48.971,52.203,-6.000,3917.671,-2074.149,-104.296,-0.034,0.045,2.075,0.108,29.594,9.316,-9.501,-9.070,-8.098,-5.446,-2.355,0.447,1.044,-1.055,-11.049,-24.364,-42.846,-43.224,-45.495
294.628,83012.227,0.982,9.961,48.693,52.010,-6.000,3917.671,-2074.149,-104.296,-0.034,0.045,2.075,-0.865,28.030,8.995,-10.650,-10.042,-8.721,-6.407,-3.212,-0.223,1.148,-1.477,-12.112,-27.292,-43.369,-43.535,-45.720
294.619,83007.125,0.982,9.956,48.645,52.305,-6.000,3917.671,-2074.149,-104.296,-0.034,0.045,2.075,-1.298,29.371,8.995,-10.441,-9.826,-8.514,-5.766,-3.212,1.007,1.357,-1.793,-10.624,-23.423,-45.041,-45.297,-48.198
294.542,82967.094,0.981,9.951,48.583,52.103,-6.000,3917.671,-2074.149,-104.296,-0.034,0.045,2.075,-2.487,28.924,9.316,-9.814,-9.394,-8.410,-5.980,-2.891,-0.112,1.357,-1.687,-11.368,-25.619,-43.682,-44.779,-46.058
294.542,82967.094,0.981,9.951,48.583,52.103,-6.000,3917.671,-2074.149,-104.296,-0.034,0.045,2.075,-1.622,29.371,8.352,-9.919,-10.042,-8.514,-6.194,-2.784,-0.000,1.670,-1.582,-11.579,-26.560,-42.428,-43.846,-45.270
294.515,82955.789,0.981,9.957,48.637,51.891,-6.000,3917.671,-2074.149,-104.296,-0.034,0.046,2.076,-0.973,29.817,9.209,-9.919,-9.610,-8.202,-5.980,-2.034,0.224,3.132,-1.160,-10.623,-23.737,-43.473,-44.571,-47.409
294.465,82926.664,0.981,9.951,48.579,52.031,-6.000,3917.671,-2074.149,-104.296,-0.034,0.045,2.076,-2.163,28.812,9.102,-9.397,-9.718,-7.995,-6.514,-2.355,-0.223,2.192,-1.476,-10.835,-25.096,-43.160,-44.468,-46.171
294.465,82926.664,0.981,9.951,48.577,52.072,-6.000,3917.671,-2074.149,-104.296,-0.034,0.045,2.076,-1.730,29.817,8.888,-9.710,-9.610,-7.995,-6.621,-2.141,0.112,2.714,-0.633,-10.941,-26.560,-42.847,-43.846,-45.157
294.544,82965.797,0.981,9.935,48.423,52.031,-6.000,3917.671,-2074.149,-104.296,-0.034,0.045,2.076,-1.298,30.152,8.995,-9.292,-9.286,-7.891,-5.446,-2.248,0.336,2.506,-1.266,-10.516,-26.769,-43.056,-43.432,-44.707
294.544,82965.797,0.981,9.935,48.423,52.031,-6.000,3917.671,-2074.149,-104.296,-0.034,0.045,2.076,-0.541,29.817,8.673,-9.710,-9.394,-7.372,-6.087,-2.248,-0.000,3.445,-1.687,-11.791,-28.965,-41.070,-42.602,-43.018
294.633,83015.203,0.982,9.945,48.542,52.051,-6.000,3917.671,-2074.149,-104.296,-0.034,0.045,2.076,-0.108,29.371,8.780,-10.023,-9.394,-8.202,-6.407,-2.784,-0.112,2.923,-0.844,-11.685,-27.188,-42.011,-42.706,-44.144
294.633,83015.203,0.982,9.945,48.542,52.051,-6.000,3917.671,-2074.149,-104.296,-0.034,0.045,2.076,-0.108,29.371,8.887,-9.814,-9.718,-7.475,-5.873,-2.463,0.559,2.819,-1.687,-12.004,-27.815,-40.652,-42.188,-43.131
294.618,83005.062,0.981,9.942,48.504,52.186,-6.000,3917.671,-2074.149,-104.296,-0.034,0.045,2.076,-0.108,29.929,8.138,-9.501,-9.718,-7.683,-6.514,-2.141,-0.223,2.819,-1.371,-11.791,-27.292,-41.488,-44.261,-45.383
294.572,82986.719,0.981,17.706,153.842,160.446,-6.000,3917.671,-2074.149,-104.296,-0.035,0.045,3.592,-2.054,60.853,-7.057,-66.926,-65.863,-65.826,-57.566,-44.112,-34.052,4.803,-8.755,-24.011,-33.461,-59.567,-180.566,-194.705
294.481,82941.195,0.981,17.714,153.943,160.479,-6.000,3917.671,-2074.149,-104.296,-0.035,0.046,3.592,-2.811,60.751,-7.805,-67.343,-65.863,-66.241,-57.673,-44.326,-34.275,4.698,-8.333,-24.330,-32.938,-58.626,-180.463,-196.056
294.640,83019.656,0.982,17.759,154.792,160.496,-6.000,3917.671,-2074.149,-104.296,-0.034,0.045,3.592,-2.595,61.645,-6.416,-66.299,-65.863,-66.034,-56.925,-44.112,-32.377,3.967,-8.755,-24.542,-34.089,-59.880,-180.566,-197.746
294.473,82937.383,0.981,17.762,154.779,160.530,-6.000,3917.671,-2074.149,-104.296,-0.034,0.046,3.592,-4.325,60.751,-7.165,-66.717,-66.403,-66.241,-57.139,-44.005,-34.833,3.132,-9.282,-25.073,-34.507,-61.239,-180.670,-198.872
294.587,82993.305,0.981,17.756,154.710,160.625,-6.000,3917.671,-2074.149,-104.296,-0.034,0.045,3.592,-4.758,60.975,-7.058,-66.403,-65.756,-65.514,-56.498,-43.469,-33.270,3.550,-9.177,-25.286,-34.612,-61.970,-180.877,-198.759
294.488,82944.750,0.981,17.761,154.759,160.689,-6.000,3917.671,-2074.149,-104.296,-0.034,0.045,3.593,-4.217,61.310,-7.058,-66.195,-65.216,-65.722,-56.391,-43.791,-34.387,2.819,-9.915,-26.454,-35.134,-62.075,-182.225,-198.872
294.488,82944.750,0.981,17.761,154.759,160.689,-6.000,3917.671,-2074.149,-104.296,-0.034,0.045,3.593,-4.758,60.416,-7.485,-67.239,-66.619,-66.345,-57.771,-44.861,-35.056,1.253,-10.231,-26.879,-35.239,-61.657,-180.670,-199.998
294.472,82937.969,0.981,17.732,154.257,160.839,-6.000,3917.671,-2074.149,-104.296,-0.035,0.046,3.592,-5.731,60.528,-7.058,-66.612,-65.540,-65.411,-56.169,-43.148,-32.600,3.863,-8.860,-25.498,-34.402,-60.089,-181.914,-197.858
294.472,82937.969,0.981,17.732,154.257,160.839,-6.000,3917.671,-2074.149,-104.296,-0.035,0.046,3.592,-3.352,61.868,-6.202,-66.195,-65.540,-65.099,-56.810,-44.005,-33.717,2.923,-10.126,-26.454,-34.925,-60.298,-180.877,-199.998
294.583,82993.180,0.981,17.752,154.651,160.711,-6.000,3917.671,-2074.149,-104.296,-0.034,0.045,3.592,-6.055,61.533,-6.737,-65.464,-65.432,-64.891,-57.024,-42.827,-34.052,2.610,-10.653,-25.817,-35.448,-61.448,-182.018,-199.885
294.579,82989.695,0.981,17.772,154.985,161.184,-6.000,3917.671,-2074.149,-104.296,-0.034,0.045,3.592,-6.379,62.873,-5.881,-64.629,-64.028,-63.749,-55.529,-41.007,-31.708,3.445,-9.597,-25.392,-34.193,-60.821,-181.292,-201.349
294.485,82942.164,0.981,17.762,154.786,160.831,-6.000,3917.671,-2074.149,-104.296,-0.034,0.046,3.593,-6.704,62.650,-6.416,-64.629,-64.676,-63.749,-55.529,-41.970,-33.606,3.341,-10.019,-25.282,-35.239,-60.612,-182.639,-200.448
294.646,83024.758,0.982,17.763,154.861,160.866,-6.000,3917.671,-2074.149,-104.296,-0.034,0.045,3.593,-6.920,62.426,-6.416,-65.255,-65.324,-64.995,-56.917,-43.469,-34.164,3.654,-10.335,-26.132,-34.926,-60.089,-181.810,-197.858
294.479,82941.000,0.981,17.801,155.465,160.933,-6.000,3917.671,-2074.149,-104.296,-0.034,0.045,3.593,-4.325,62.426,-6.309,-64.942,-65.216,-64.580,-56.703,-42.720,-31.819,5.742,-8.226,-24.538,-33.148,-59.358,-180.048,-194.367
294.592,82995.242,0.981,17.808,155.630,160.994,-6.000,3917.671,-2074.149,-104.296,-0.034,0.045,3.593,-2.703,62.426,-6.951,-65.986,-66.511,-65.411,-57.451,-43.684,-34.610,5.011,-8.543,-24.114,-33.671,-58.418,-181.190,-194.592
294.586,82992.922,0.981,17.790,155.302,161.147,-6.000,3917.671,-2074.149,-104.296,-0.034,0.045,3.593,-3.568,60.640,-8.341,-66.821,-67.051,-65.826,-58.519,-44.326,-34.499,4.907,-8.753,-24.326,-33.984,-58.104,-180.775,-193.130
294.490,82943.133,0.981,17.805,155.524,161.336,-6.000,3917.671,-2074.149,-104.296,-0.034,0.045,3.593,-2.919,60.640,-8.341,-67.030,-67.267,-65.826,-58.519,-44.219,-34.945,5.116,-9.281,-24.857,-34.089,-58.731,-180.983,-194.369
294.644,83022.758,0.982,17.803,155.556,160.902,-6.000,3917.671,-2074.149,-104.296,-0.034,0.045,3.593,-2.486,60.416,-8.555,-66.925,-66.511,-66.137,-58.091,-44.540,-34.945,4.385,-8.859,-25.070,-33.880,-58.209,-180.361,-193.581
294.478,82938.164,0.981,17.806,155.543,161.128,-6.000,3917.671,-2074.149,-104.296,-0.034,0.046,3.593,-2.595,59.634,-8.341,-66.717,-66.619,-66.241,-58.091,-44.005,-34.275,3.863,-8.437,-24.114,-33.357,-57.477,-180.361,-194.144
294.587,82992.078,0.981,17.808,155.619,161.220,-6.000,3917.671,-2074.149,-104.296,-0.034,0.045,3.593,-1.838,60.640,-7.592,-66.090,-66.295,-65.411,-57.237,-43.469,-33.159,4.281,-8.226,-24.432,-33.566,-57.164,-181.812,-193.693
294.567,82986.852,0.981,32.262,510.751,526.087,-6.000,3917.671,-2074.149,-104.296,-0.034,0.045,5.996,-38.276,168.603,-64.044,-261.125,-261.727,-269.015,-245.821,-207.037,-157.755,9.083,-37.867,-93.585,-139.157,-220.084,-427.784,-684.228
294.464,82935.836,0.981,32.253,510.333,526.185,-6.000,3917.671,-2074.149,-104.296,-0.034,0.046,5.997,-40.655,168.741,-64.044,-260.499,-260.323,-267.250,-243.899,-204.146,-154.852,12.424,-36.074,-90.080,-134.557,-215.277,-425.296,-672.517
294.635,83020.172,0.982,32.255,510.333,526.185,-6.000,3917.671,-2074.149,-104.296,-0.034,0.045,5.997,-32.654,169.523,-62.450,-258.620,-258.164,-265.069,-241.122,-201.684,-154.963,11.589,-36.496,-91.779,-136.439,-216.322,-426.540,-677.471
294.481,82945.070,0.981,32.265,510.751,526.666,-6.000,3917.671,-2074.149,-104.296,-0.034,0.046,5.997,-37.736,165.838,-66.727,-263.004,-263.023,-268.807,-245.073,-205.003,-160.211,8.039,-39.133,-94.648,-140.098,-219.666,-432.655,-682.201
294.564,82985.820,0.981,32.264,510.839,526.741,-6.000,3917.671,-2074.149,-104.296,-0.034,0.045,5.998,-40.223,165.391,-66.085,-262.064,-262.051,-269.430,-245.500,-205.110,-157.866,10.023,-36.812,-91.992,-136.648,-216.740,-425.814,-679.386
294.577,82996.281,0.982,32.246,510.312,527.158,-6.000,3917.671,-2074.149,-104.296,-0.034,0.045,5.998,-37.520,168.629,-64.054,-259.559,-259.784,-265.899,-243.471,-204.146,-157.196,9.918,-38.394,-93.798,-139.366,-218.725,-430.582,-684.679
294.463,82935.258,0.981,32.276,510.312,527.158,-6.000,3917.671,-2074.149,-104.296,-0.034,0.045,5.998,-40.980,164.944,-66.620,-262.482,-262.159,-269.533,-245.927,-207.037,-157.643,8.561,-38.816,-93.054,-137.589,-218.725,-430.064,-681.638
294.637,83023.531,0.982,32.252,510.552,527.121,-6.000,3917.671,-2074.149,-104.296,-0.034,0.045,5.998,-36.330,166.396,-65.337,-261.647,-261.511,-268.183,-244.539,-204.789,-154.852,10.754,-36.179,-91.886,-136.648,-216.426,-428.509,-677.922
294.481,82947.656,0.981,32.262,510.666,527.050,-6.000,3917.671,-2074.149,-104.296,-0.035,0.045,5.998,-35.573,168.183,-63.626,-259.976,-261.296,-267.976,-245.500,-206.180,-158.537,7.935,-39.133,-94.116,-138.844,-219.666,-430.168,-680.399
294.564,82989.109,0.981,32.275,511.197,526.609,-6.000,3917.671,-2074.149,-104.296,-0.034,0.046,5.998,-39.141,167.289,-63.947,-259.976,-260.648,-267.976,-243.899,-204.681,-155.858,10.232,-37.656,-91.567,-137.484,-217.680,-427.369,-678.710
294.579,82996.023,0.982,32.272,511.115,526.982,-6.000,3917.671,-2074.149,-104.296,-0.035,0.045,5.999,-39.358,167.178,-63.626,-259.350,-260.000,-267.041,-243.044,-203.718,-155.969,9.710,-37.439,-92.204,-137.380,-217.158,-426.229,-677.809
294.823,82872.875,0.979,32.323,511.534,527.059,-6.000,3917.671,-2074.149,-104.296,-0.034,0.046,5.999,-40.980,167.513,-63.947,-259.872,-260.108,-267.249,-243.685,-204.467,-157.532,8.143,-38.389,-93.586,-139.053,-217.889,-425.918,-679.273
294.810,83000.539,0.981,32.280,510.986,527.094,-6.000,3917.671,-2074.149,-104.296,-0.034,0.045,5.999,-41.736,166.954,-64.161,-260.707,-261.403,-269.222,-244.860,-205.859,-158.872,8.248,-38.811,-94.011,-139.367,-219.143,-429.960,-680.287
294.810,83000.539,0.981,32.280,510.986,527.094,-6.000,3917.671,-2074.149,-104.296,-0.034,0.045,6.000,-41.412,168.406,-64.374,-259.976,-260.864,-267.457,-244.326,-205.217,-156.863,8.979,-37.967,-93.161,-139.158,-219.667,-429.649,-684.904
294.568,82990.727,0.981,32.310,512.307,527.013,-6.000,3917.671,-2074.149,-104.296,-0.034,0.045,6.000,-43.250,167.401,-64.161,-260.289,-260.972,-267.457,-244.112,-205.110,-156.751,9.083,-38.705,-93.373,-138.426,-218.727,-431.622,-687.832
294.568,82990.727,0.981,32.310,512.307,527.013,-6.000,3917.671,-2074.149,-104.296,-0.034,0.045,6.000,-43.575,168.294,-63.733,-259.976,-260.432,-267.249,-243.899,-205.110,-154.295,10.023,-37.229,-92.524,-137.276,-217.577,-431.104,-688.738
294.586,83000.930,0.982,32.315,512.513,527.371,-6.000,3917.671,-2074.149,-104.296,-0.033,0.045,6.000,-43.466,168.183,-63.840,-259.872,-260.972,-268.391,-244.539,-205.645,-155.858,8.561,-39.760,-95.073,-139.576,-218.936,-430.067,-686.036
294.632,83023.531,0.982,32.344,513.470,528.042,-6.000,3917.671,-2074.149,-104.296,-0.034,0.045,6.001,-44.115,168.629,-63.840,-259.559,-260.972,-267.664,-244.539,-205.431,-152.397,10.754,-36.912,-92.205,-137.799,-218.100,-432.866,-684.459
294.482,82950.305,0.981,32.371,514.148,527.881,-6.000,3917.671,-2074.149,-104.296,-0.034,0.046,6.001,-41.953,170.192,-62.129,-257.888,-259.460,-265.795,-243.151,-204.146,-150.722,10.649,-37.123,-92.417,-137.799,-217.368,-430.067,-683.333
294.565,82986.336,0.981,32.361,513.899,528.123,-6.000,3917.671,-2074.149,-104.296,-0.034,0.045,6.002,-42.601,170.081,-62.557,-257.888,-259.244,-266.315,-243.258,-204.253,-148.824,11.484,-36.279,-91.355,-136.231,-216.114,-427.165,-680.292
294.466,82936.414,0.981,9.825,47.353,47.741,2.000,3917.671,-2074.149,7.822,-0.035,0.045,2.163,55.986,-17.614,-25.874,-27.146,-16.412,-14.640,-15.804,-16.914,-15.519,0.940,2.853,2.341,5.760,3.664,-1.762,-4.054
294.456,82929.375,0.981,9.820,47.025,47.822,2.000,3917.671,-2074.149,32.196,-0.034,0.046,2.163,56.094,-16.834,-25.553,-26.624,-16.304,-13.913,-15.164,-16.058,-14.067,1.462,3.170,2.448,6.283,3.664,-1.140,-4.054
294.563,82986.914,0.981,9.821,47.328,47.790,2.000,3917.671,-2074.149,15.335,-0.034,0.045,2.163,56.311,-16.722,-25.236,-26.206,-15.764,-14.328,-15.270,-17.235,-13.174,1.357,3.381,2.554,6.074,3.454,-1.244,-3.266
294.563,82986.914,0.981,9.821,47.328,47.790,2.000,3917.671,-2074.149,15.335,-0.034,0.045,2.163,55.661,-17.057,-26.413,-26.937,-16.736,-15.055,-16.552,-17.770,-19.203,1.670,3.170,3.299,5.969,4.082,-1.348,-3.266
294.465,82934.352,0.981,9.817,47.278,47.824,2.000,3917.671,-2074.149,104.223,-0.035,0.045,2.163,56.419,-16.834,-26.734,-27.459,-17.276,-14.951,-16.338,-17.342,-17.528,2.819,3.592,3.405,6.179,4.606,-0.829,-2.477
294.624,83013.070,0.982,9.815,47.278,47.824,2.000,3917.671,-2074.149,104.223,-0.034,0.045,2.163,56.419,-17.391,-26.841,-27.459,-17.708,-14.432,-17.086,-17.663,-17.528,2.088,3.381,3.405,6.388,4.396,-1.348,-3.378
294.458,82933.961,0.981,9.817,47.282,47.912,2.000,3917.671,-2074.149,56.155,-0.035,0.045,2.163,55.553,-18.283,-26.947,-27.355,-16.736,-14.536,-16.125,-17.235,-14.960,2.192,3.275,3.193,6.388,4.501,-1.037,-3.041
294.458,82933.961,0.981,9.817,47.282,47.912,2.000,3917.671,-2074.149,56.155,-0.035,0.045,2.163,56.636,-16.388,-25.771,-25.789,-16.088,-13.394,-15.484,-15.739,-14.960,1.984,3.170,3.725,5.864,4.396,-1.140,-2.815
294.560,82986.266,0.981,9.857,47.682,47.994,2.000,3917.671,-2074.149,-104.296,-0.034,0.045,2.163,56.311,-15.496,-25.557,-26.102,-16.412,-13.809,-16.018,-16.703,-14.291,1.879,3.064,3.193,5.341,4.082,-2.177,-3.604
294.562,82985.039,0.981,9.840,47.517,48.031,2.000,3917.671,-2074.149,-104.296,-0.034,0.045,2.163,55.661,-16.834,-26.306,-26.937,-16.844,-15.055,-16.979,-17.452,-19.650,2.192,2.747,3.512,6.074,4.292,-1.140,-2.928
294.468,82937.258,0.981,9.833,47.439,48.004,2.000,3917.671,-2074.149,13.856,-0.034,0.046,2.164,56.852,-16.499,-26.199,-27.250,-17.276,-14.017,-16.231,-16.595,-17.305,2.610,3.487,3.193,5.864,4.292,-1.348,-2.928
294.628,83018.555,0.982,9.850,47.615,48.078,2.000,3917.671,-2074.149,104.223,-0.034,0.045,2.164,55.661,-16.499,-26.841,-27.668,-17.168,-14.224,-16.979,-16.488,-17.528,1.253,1.796,2.767,4.817,3.350,-2.488,-3.829
294.462,82936.156,0.981,9.832,47.424,48.022,2.000,3917.671,-2074.149,80.935,-0.035,0.045,2.164,54.578,-16.834,-26.947,-26.833,-17.168,-14.224,-16.231,-16.488,-16.189,1.253,2.325,2.554,5.235,3.768,-1.969,-3.491
294.568,82986.008,0.981,9.861,47.719,48.095,2.000,3917.671,-2074.149,33.304,-0.035,0.045,2.163,55.769,-15.273,-25.557,-25.580,-15.980,-13.186,-15.377,-15.739,-14.291,1.879,3.064,3.405,6.178,3.559,-2.073,-3.941
294.565,82984.594,0.981,9.859,47.700,48.059,2.000,3917.671,-2074.149,104.223,-0.034,0.045,2.163,55.878,-15.719,-25.664,-25.476,-15.548,-13.705,-15.591,-16.703,-13.844,0.522,2.536,2.660,5.759,3.350,-2.177,-4.167
294.468,82938.609,0.981,9.856,47.661,48.114,2.000,3917.671,-2074.149,-10.233,-0.034,0.045,2.163,54.903,-16.499,-25.450,-24.953,-15.332,-13.601,-15.804,-17.131,-14.179,1.879,3.170,2.980,6.178,4.292,-0.518,-3.041
294.627,83017.656,0.982,9.878,47.888,48.146,2.000,3917.671,-2074.149,74.567,-0.034,0.045,2.164,56.518,-15.719,-25.023,-25.267,-15.332,-13.705,-15.591,-17.452,-14.737,1.984,3.276,2.660,6.178,4.082,-1.037,-3.041
294.566,82986.078,0.981,9.885,47.952,48.210,2.000,3917.671,-2074.149,76.790,-0.034,0.045,2.164,56.194,-16.388,-25.450,-25.893,-15.656,-14.328,-16.018,-16.810,-15.184,1.253,3.276,2.873,6.178,3.873,-0.622,-3.041
294.566,82986.078,0.981,9.885,47.952,48.210,2.000,3917.671,-2074.149,76.790,-0.034,0.045,2.164,56.627,-17.391,-25.236,-25.267,-16.304,-14.224,-16.018,-17.345,-14.849,1.775,4.121,3.299,7.225,3.978,-0.415,-2.815
294.472,82935.773,0.981,9.888,47.963,48.136,2.000,3917.671,-2074.149,104.223,-0.034,0.045,2.164,56.518,-16.834,-26.734,-26.624,-17.060,-14.951,-17.086,-19.486,-19.538,1.879,3.487,2.873,6.073,3.664,-1.037,-3.378
294.566,82982.398,0.981,17.771,155.505,157.410,2.000,3917.671,-2074.149,-104.296,-0.035,0.045,3.665,168.824,-178.372,-194.591,-201.821,-162.500,-139.958,-130.812,-129.211,-18.756,23.804,24.617,24.050,27.751,25.331,25.959,33.955
294.566,82982.398,0.981,17.771,154.970,157.507,2.000,3917.671,-2074.149,-104.296,-0.035,0.045,3.665,168.499,-177.368,-194.056,-201.821,-162.284,-139.543,-130.279,-129.532,-19.315,23.386,24.194,23.306,27.751,24.284,25.232,33.617
294.468,82934.156,0.981,17.791,155.275,157.475,2.000,3917.671,-2074.149,-104.296,-0.035,0.045,3.665,168.283,-178.037,-194.193,-200.882,-162.823,-139.128,-130.172,-129.746,-17.863,23.700,24.194,24.050,27.646,25.017,24.921,33.166
294.468,82934.156,0.981,17.791,155.275,157.475,2.000,3917.671,-2074.149,-104.296,-0.035,0.045,3.665,167.416,-177.480,-193.979,-200.568,-162.500,-139.231,-130.599,-129.211,-17.082,24.222,24.300,23.518,27.018,24.493,24.506,33.279
294.636,83013.586,0.982,17.772,155.013,157.375,2.000,3917.671,-2074.149,-104.296,-0.034,0.045,3.665,167.741,-178.037,-194.193,-200.672,-162.715,-139.231,-130.385,-129.211,-18.980,24.222,24.194,24.476,27.960,25.331,25.336,33.843
294.561,82980.266,0.981,17.759,154.760,157.552,2.000,3917.671,-2074.149,-104.296,-0.034,0.045,3.665,167.525,-177.257,-193.444,-200.255,-161.852,-138.504,-130.279,-128.889,-18.756,24.117,23.877,23.838,27.646,24.807,25.232,33.730
294.585,82989.883,0.981,17.766,154.881,157.371,2.000,3917.671,-2074.149,-104.296,-0.034,0.045,3.665,168.066,-176.253,-193.230,-200.255,-161.744,-137.466,-129.531,-128.247,-19.650,24.117,23.877,24.263,27.437,25.435,24.713,33.053
294.585,82989.883,0.981,17.766,154.881,157.371,2.000,3917.671,-2074.149,-104.296,-0.034,0.045,3.665,167.308,-175.473,-193.551,-199.628,-161.636,-137.778,-130.385,-128.588,-20.208,23.908,23.772,23.944,26.390,25.017,24.402,32.376
294.473,82933.703,0.981,17.768,154.869,157.273,2.000,3917.671,-2074.149,-104.296,-0.034,0.046,3.665,166.009,-176.365,-194.300,-200.568,-162.176,-138.920,-130.492,-129.766,-18.087,23.595,24.194,24.370,27.960,25.435,25.440,34.407
294.477,82939.578,0.981,17.751,154.585,157.227,2.000,3917.671,-2074.149,-104.296,-0.034,0.046,3.665,167.741,-176.253,-193.551,-200.046,-161.852,-138.712,-129.958,-128.160,-18.422,24.222,23.349,24.689,27.437,25.540,24.817,33.391
294.556,82978.844,0.981,17.748,154.566,157.125,2.000,3917.671,-2074.149,-104.296,-0.034,0.045,3.665,166.983,-175.919,-193.444,-199.420,-162.500,-138.504,-130.385,-128.481,-18.422,23.595,23.881,23.731,27.123,25.226,25.336,34.068
294.556,82978.844,0.981,17.748,154.566,157.125,2.000,3917.671,-2074.149,-104.296,-0.034,0.045,3.665,167.200,-176.588,-194.193,-200.255,-162.823,-138.608,-130.919,-129.445,-19.538,23.386,22.930,23.731,27.123,25.226,25.232,34.068
294.467,82930.086,0.981,17.707,153.801,157.220,2.000,3917.671,-2074.149,-104.296,-0.035,0.045,3.665,167.633,-175.919,-193.444,-199.211,-161.636,-137.570,-129.317,-127.089,-16.859,25.057,24.092,24.583,27.852,25.854,25.336,34.068
294.637,83018.945,0.982,17.731,154.306,156.905,2.000,3917.671,-2074.149,-104.296,-0.034,0.045,3.665,166.983,-175.473,-193.337,-199.733,-161.420,-138.297,-130.385,-128.267,-18.310,23.804,23.881,24.051,27.538,25.436,25.025,33.504
294.637,83018.945,0.982,17.731,154.306,156.905,2.000,3917.671,-2074.149,-104.296,-0.034,0.045,3.665,166.442,-176.365,-193.872,-199.837,-162.392,-138.193,-130.492,-128.374,-20.655,24.222,23.775,24.689,27.328,26.064,25.440,34.858
294.480,82941.070,0.981,17.726,154.145,157.187,2.000,3917.671,-2074.149,-104.296,-0.034,0.045,3.665,167.958,-175.027,-192.161,-198.271,-160.772,-136.739,-129.211,-126.982,-18.980,25.057,23.564,25.008,27.642,25.645,24.817,33.279
294.589,82991.562,0.981,17.728,154.227,157.399,2.000,3917.671,-2074.149,-104.296,-0.034,0.045,3.666,166.224,-175.361,-193.123,-199.315,-161.960,-137.570,-129.851,-127.838,-20.208,23.491,22.930,23.306,26.595,24.703,23.883,32.715
294.469,82932.672,0.981,17.769,154.883,157.332,2.000,3917.671,-2074.149,-104.296,-0.034,0.045,3.666,165.575,-175.696,-193.979,-199.524,-161.852,-137.881,-130.172,-128.053,-18.310,24.744,23.353,24.689,27.328,26.692,25.960,35.309
294.469,82932.672,0.981,17.769,154.883,157.332,2.000,3917.671,-2074.149,-104.296,-0.034,0.045,3.666,167.524,-174.135,-192.482,-197.749,-160.448,-136.220,-129.424,-126.447,-18.757,24.430,23.775,23.731,26.700,25.645,24.298,33.166
294.475,82937.773,0.981,17.744,154.754,157.473,2.000,3917.671,-2074.149,-104.296,-0.034,0.045,3.667,165.033,-175.138,-192.910,-198.688,-161.744,-137.362,-130.706,-128.588,-21.101,23.178,22.190,23.412,25.758,23.866,22.429,31.248
294.633,83015.719,0.982,32.679,524.122,538.642,2.000,3917.671,-2074.149,-104.296,-0.034,0.045,6.168,558.340,-666.886,-720.580,-742.867,-611.138,-533.171,-487.733,-345.399,-115.999,64.948,66.570,69.278,72.350,65.535,71.336,103.930
294.551,82975.227,0.981,32.645,522.930,539.155,2.000,3917.671,-2074.149,-104.296,-0.034,0.045,6.168,555.525,-668.336,-722.075,-744.639,-612.649,-534.728,-489.121,-351.395,-116.445,64.948,66.147,69.278,72.455,65.535,72.789,107.880
294.551,82975.227,0.981,32.645,522.930,539.155,2.000,3917.671,-2074.149,-104.296,-0.034,0.045,6.168,559.315,-663.988,-718.024,-740.158,-609.410,-531.198,-485.596,-343.150,-109.747,68.603,70.057,72.257,74.654,67.419,73.101,107.541
294.467,82932.414,0.981,32.744,525.969,538.626,2.000,3917.671,-2074.149,-104.296,-0.035,0.045,6.168,557.149,-663.542,-717.597,-739.429,-608.115,-530.783,-486.023,-349.146,-116.222,64.009,66.253,68.639,71.513,64.697,69.986,102.350
294.630,83014.875,0.982,32.705,524.947,538.871,2.000,3917.671,-2074.149,-104.296,-0.034,0.045,6.169,552.818,-665.994,-719.305,-741.722,-610.049,-532.444,-486.664,-344.435,-115.217,65.157,67.415,69.065,73.188,65.849,72.582,107.316
294.630,83014.875,0.982,32.705,524.947,538.871,2.000,3917.671,-2074.149,-104.296,-0.034,0.045,6.169,556.716,-665.102,-718.024,-740.680,-608.538,-530.864,-484.208,-346.255,-112.538,66.410,67.627,69.916,73.921,66.477,72.270,106.526
294.552,82974.836,0.981,32.697,524.585,539.347,2.000,3917.671,-2074.149,-104.296,-0.034,0.045,6.169,556.174,-663.542,-716.849,-738.908,-608.430,-531.072,-485.661,-343.257,-114.212,65.157,67.098,69.278,72.769,65.325,71.543,104.720
294.570,82984.266,0.981,32.734,525.803,539.321,2.000,3917.671,-2074.149,-104.296,-0.034,0.045,6.168,554.334,-664.434,-717.383,-739.951,-608.970,-531.902,-487.263,-341.117,-116.334,64.113,66.147,68.426,71.722,64.697,70.090,104.156
294.472,82933.898,0.981,32.691,525.803,539.321,2.000,3917.671,-2074.149,-104.296,-0.034,0.045,6.168,554.117,-664.657,-718.131,-740.993,-610.265,-532.941,-486.088,-346.577,-113.767,65.784,66.887,69.171,71.303,64.592,70.297,104.494
294.472,82933.898,0.981,32.691,524.272,538.815,2.000,3917.671,-2074.149,-104.296,-0.034,0.045,6.168,555.850,-663.319,-717.170,-740.367,-609.941,-532.318,-486.943,-344.329,-114.995,65.670,67.415,70.023,72.769,65.430,71.232,106.751
294.470,82933.898,0.981,32.742,525.925,539.509,2.000,3917.671,-2074.149,-104.296,-0.035,0.046,6.169,558.340,-663.207,-716.422,-739.846,-608.970,-531.902,-485.982,-341.652,-114.214,65.983,67.522,70.023,73.083,65.011,70.609,104.607
294.555,82974.258,0.981,32.734,525.769,539.072,2.000,3917.671,-2074.149,-104.296,-0.035,0.045,6.169,555.741,-663.096,-716.529,-739.325,-608.430,-531.383,-485.555,-342.080,-112.762,65.983,67.417,69.598,73.293,65.639,70.920,105.510
294.567,82982.461,0.981,32.756,526.489,539.110,2.000,3917.671,-2074.149,-104.296,-0.034,0.045,6.169,555.633,-663.876,-717.490,-740.680,-609.401,-532.214,-486.302,-341.973,-117.005,64.521,67.311,70.023,72.980,65.744,72.063,104.833
294.567,82982.461,0.981,32.756,526.489,539.110,2.000,3917.671,-2074.149,-104.296,-0.034,0.045,6.169,556.174,-664.322,-717.490,-740.367,-608.646,-531.279,-484.273,-348.183,-113.321,66.818,68.051,69.917,73.503,66.468,72.582,107.203
294.636,83017.328,0.982,32.773,527.146,539.787,2.000,3917.671,-2074.149,-104.296,-0.034,0.045,6.169,556.608,-661.758,-715.461,-738.387,-607.566,-529.826,-484.487,-342.830,-113.879,65.565,67.100,68.746,72.247,64.374,70.506,104.043
294.471,82932.734,0.981,32.777,527.040,539.975,2.000,3917.671,-2074.149,-104.296,-0.034,0.045,6.169,554.767,-661.647,-714.927,-738.283,-607.242,-530.449,-483.632,-339.190,-114.102,64.939,67.522,69.172,72.980,65.316,72.064,105.816
294.557,82978.195,0.981,32.816,527.040,539.975,2.000,3917.671,-2074.149,-104.296,-0.034,0.045,6.169,556.630,-660.978,-714.500,-737.345,-606.702,-529.307,-482.778,-342.937,-109.413,67.131,67.945,70.023,73.817,65.212,71.648,103.785
294.557,82978.195,0.981,32.816,528.433,539.756,2.000,3917.671,-2074.149,-104.296,-0.034,0.045,6.169,555.114,-658.638,-712.792,-736.407,-605.730,-529.618,-482.671,-351.609,-115.219,62.851,65.515,67.895,70.467,62.804,68.741,100.514
294.469,82931.055,0.981,32.794,527.580,540.343,2.000,3917.671,-2074.149,-104.296,-0.034,0.045,6.169,552.949,-660.533,-714.180,-738.387,-606.594,-529.930,-483.419,-345.935,-115.330,64.521,66.677,68.746,72.875,65.316,71.129,103.785
294.469,82931.055,0.981,32.794,527.580,540.343,2.000,3917.671,-2074.149,-104.296,-0.034,0.045,6.169,557.063,-658.192,-712.792,-736.407,-605.083,-527.749,-481.390,-344.650,-112.427,65.357,66.571,68.427,70.676,63.956,69.572,101.867
294.474,82931.383,0.981,9.858,47.582,48.692,10.000,3917.671,-2074.149,-104.296,-0.034,0.046,2.373,50.030,-41.248,-28.872,-21.717,-21.483,-20.243,-22.645,-23.019,-24.897,-1.042,4.227,8.620,13.926,16.959,18.691,24.149
294.595,82990.469,0.981,9.862,47.729,48.868,10.000,3917.671,-2074.149,-104.296,-0.034,0.045,2.373,49.163,-40.914,-28.765,-21.508,-21.807,-20.139,-22.966,-23.341,-23.669,-1.459,4.015,8.833,13.926,17.064,18.794,24.036
294.576,82979.555,0.981,9.851,47.619,48.738,10.000,3917.671,-2074.149,-104.296,-0.034,0.045,2.373,48.622,-41.583,-28.872,-22.134,-21.375,-19.516,-22.111,-22.056,-22.329,-0.730,4.861,9.365,15.182,17.692,19.417,25.390
294.576,82979.555,0.981,9.851,47.619,48.738,10.000,3917.671,-2074.149,-104.296,-0.034,0.045,2.373,49.488,-41.248,-28.017,-21.299,-21.159,-19.101,-22.325,-22.698,-22.217,-1.251,4.649,9.152,14.344,16.855,18.691,23.810
294.642,83014.164,0.982,9.867,47.655,48.792,10.000,3917.671,-2074.149,-104.296,-0.034,0.045,2.373,49.055,-41.137,-28.658,-21.717,-21.271,-19.932,-22.539,-22.698,-22.776,-1.980,3.910,8.620,14.030,16.436,18.691,23.923
294.642,83014.164,0.982,9.867,47.778,48.677,10.000,3917.671,-2074.149,-104.296,-0.034,0.045,2.373,49.813,-40.356,-27.910,-21.717,-20.623,-19.413,-21.577,-22.270,-20.543,-1.147,4.544,8.726,14.659,17.064,19.833,24.713
294.592,82990.078,0.981,9.854,47.649,48.838,10.000,3917.671,-2074.149,-104.296,-0.034,0.045,2.373,50.246,-40.468,-27.696,-20.986,-20.731,-19.205,-21.788,-22.698,-23.222,-1.668,3.910,8.939,14.554,16.959,18.587,23.133
294.592,82990.078,0.981,9.854,47.649,48.838,10.000,3917.671,-2074.149,-104.296,-0.034,0.045,2.373,49.921,-40.245,-26.627,-21.404,-20.191,-20.139,-22.108,-23.234,-23.222,-2.293,4.015,8.513,14.344,16.855,18.794,24.036
294.499,82943.453,0.981,9.828,47.386,48.658,10.000,3917.671,-2074.149,-104.296,-0.034,0.045,2.373,50.463,-39.465,-26.840,-21.090,-20.731,-19.413,-21.467,-22.056,-22.106,-1.564,4.966,8.726,15.496,16.750,19.625,23.472
294.653,83018.812,0.982,9.828,47.400,48.684,10.000,3917.671,-2074.149,-104.296,-0.034,0.045,2.373,50.788,-40.245,-27.054,-21.404,-20.407,-20.035,-21.574,-22.591,-22.441,-1.459,4.649,8.301,14.763,16.331,19.106,23.697
294.477,82930.086,0.981,9.865,47.400,48.684,10.000,3917.671,-2074.149,-104.296,-0.035,0.046,2.373,49.488,-41.806,-28.872,-22.552,-21.379,-21.074,-22.108,-22.270,-21.659,-1.251,4.755,9.152,15.287,16.959,19.937,25.052
294.477,82930.086,0.981,9.865,47.736,48.792,10.000,3917.671,-2074.149,-104.296,-0.035,0.046,2.373,49.813,-41.360,-28.551,-21.612,-20.947,-19.724,-21.147,-21.521,-20.766,-0.417,5.283,9.365,15.601,17.378,20.560,25.164
294.596,82980.648,0.981,9.820,47.849,48.765,10.000,3917.671,-2074.149,-104.296,-0.034,0.045,2.373,50.246,-40.356,-26.947,-21.508,-20.299,-19.516,-20.720,-21.306,-21.883,-1.355,5.178,9.046,14.659,17.064,19.210,24.262
294.573,82980.648,0.981,9.820,47.318,48.738,10.000,3917.671,-2074.149,-104.296,-0.034,0.045,2.373,49.272,-41.471,-27.161,-21.612,-20.407,-19.516,-20.826,-21.413,-20.989,-1.668,4.121,8.939,14.764,16.957,19.937,24.487
294.491,82940.227,0.981,9.856,47.653,48.862,10.000,3917.671,-2074.149,-104.296,-0.034,0.045,2.373,49.921,-40.133,-26.092,-20.986,-19.975,-19.516,-20.292,-21.628,-21.101,-1.772,4.755,8.513,15.182,16.957,19.418,24.036
294.478,82930.219,0.981,9.873,47.819,48.650,10.000,3917.671,-2074.149,-104.296,-0.035,0.045,2.373,49.488,-40.468,-26.734,-21.926,-20.731,-19.828,-21.360,-22.698,-23.111,-2.189,4.438,8.407,13.926,16.015,18.587,22.449
294.595,82987.367,0.981,9.847,47.575,48.920,10.000,3917.671,-2074.149,-104.296,-0.034,0.045,2.374,49.272,-42.140,-27.803,-22.343,-21.595,-20.658,-22.001,-23.448,-21.771,-2.189,4.227,8.088,14.240,16.015,19.002,23.577
294.595,82987.367,0.981,9.847,47.575,48.920,10.000,3917.671,-2074.149,-104.296,-0.034,0.045,2.374,50.355,-42.363,-28.765,-23.283,-20.947,-21.074,-22.001,-23.019,-21.659,-2.710,4.544,7.662,14.449,16.224,19.314,23.916
294.482,82932.867,0.981,9.843,47.528,48.787,10.000,3917.671,-2074.149,-104.296,-0.034,0.045,2.374,50.355,-42.586,-28.658,-23.074,-21.811,-20.554,-21.681,-22.805,-22.552,-2.606,4.861,8.301,14.973,16.852,19.314,23.239
294.482,82932.867,0.981,9.843,47.528,48.787,10.000,3917.671,-2074.149,-104.296,-0.034,0.045,2.374,49.705,-42.809,-28.658,-23.387,-21.271,-20.866,-22.001,-23.127,-22.776,-1.980,5.283,8.301,14.973,16.748,19.106,24.367
294.629,83009.969,0.982,17.452,149.473,153.453,10.000,3917.671,-2074.149,-104.296,-0.033,0.045,3.800,142.487,-136.008,-87.459,-81.125,-81.951,-82.438,-83.626,-83.406,-80.943,-18.137,2.430,17.875,29.212,35.903,49.115,67.008
294.532,82961.344,0.981,17.504,149.473,153.453,10.000,3917.671,-2074.149,-104.296,-0.034,0.045,3.800,142.162,-135.116,-87.459,-82.274,-83.895,-84.099,-85.442,-83.834,-79.826,-18.450,2.747,17.769,29.212,35.798,49.530,67.798
294.526,82958.633,0.981,17.459,150.320,153.830,10.000,3917.671,-2074.149,-104.296,-0.034,0.045,3.800,142.812,-137.680,-89.397,-82.065,-82.599,-84.930,-87.364,-85.761,-83.510,-18.345,2.324,17.450,28.061,35.589,48.076,66.219
294.630,83009.969,0.982,17.493,149.556,153.750,10.000,3917.671,-2074.149,-104.296,-0.034,0.045,3.800,143.461,-139.018,-91.108,-83.213,-83.679,-85.864,-85.869,-84.583,-83.175,-20.013,1.479,16.067,27.014,34.228,46.830,64.639
294.630,83009.969,0.982,17.493,150.182,153.893,10.000,3917.671,-2074.149,-104.296,-0.034,0.045,3.800,143.461,-140.690,-93.247,-83.422,-83.031,-83.788,-84.801,-83.084,-80.161,-20.221,0.740,15.535,26.909,34.019,46.415,64.978
294.627,83009.195,0.982,17.441,149.288,153.960,10.000,3917.671,-2074.149,-104.296,-0.034,0.045,3.800,144.328,-140.022,-93.568,-82.482,-83.247,-83.464,-84.801,-86.082,-83.399,-18.971,1.690,16.705,27.014,34.123,47.038,65.316
294.535,82961.992,0.981,17.485,149.288,153.960,10.000,3917.671,-2074.149,-104.296,-0.035,0.045,3.801,143.028,-141.025,-93.888,-84.779,-84.867,-87.616,-89.607,-89.401,-90.209,-18.866,1.479,15.960,26.804,34.019,47.038,65.767
294.535,82961.992,0.981,17.485,149.994,154.044,10.000,3917.671,-2074.149,-104.296,-0.035,0.045,3.801,140.863,-145.819,-98.273,-88.120,-87.458,-87.720,-88.218,-85.119,-84.515,-19.388,1.162,15.854,26.909,34.019,47.246,66.106
294.632,83009.969,0.982,17.461,149.625,153.837,10.000,3917.671,-2074.149,-104.296,-0.034,0.045,3.801,141.729,-143.700,-95.813,-85.823,-87.890,-85.851,-85.976,-82.656,-81.502,-18.345,2.007,16.918,28.375,35.798,48.180,66.670
294.461,82927.312,0.981,17.489,149.625,153.837,10.000,3917.671,-2074.149,-104.296,-0.035,0.045,3.802,143.570,-138.349,-91.215,-83.422,-84.759,-84.502,-84.267,-82.656,-83.511,-18.867,1.162,16.173,27.747,34.647,47.142,66.219
294.461,82927.312,0.981,17.489,150.036,154.240,10.000,3917.671,-2074.149,-104.296,-0.035,0.045,3.802,141.621,-139.910,-92.177,-84.570,-86.163,-88.135,-85.121,-85.440,-82.953,-17.303,2.113,17.556,28.375,35.798,48.180,67.347
294.624,83006.867,0.981,17.479,149.930,154.084,10.000,3917.671,-2074.149,-104.296,-0.034,0.045,3.802,140.971,-139.018,-91.001,-84.257,-85.839,-86.267,-85.335,-82.977,-89.093,-18.450,1.691,17.133,27.747,35.275,47.661,67.008
294.522,82957.148,0.981,17.452,149.428,153.999,10.000,3917.671,-2074.149,-104.296,-0.035,0.045,3.802,139.997,-140.802,-92.819,-86.137,-87.134,-88.447,-87.578,-86.082,-87.530,-16.990,2.642,18.304,29.003,36.635,49.530,69.264
294.522,82957.148,0.981,17.452,149.428,153.999,10.000,3917.671,-2074.149,-104.296,-0.035,0.045,3.802,140.646,-142.028,-92.926,-86.450,-88.106,-88.135,-86.937,-86.403,-88.200,-18.345,2.008,17.453,28.271,36.008,48.284,67.121
294.466,82927.180,0.981,17.493,150.109,153.943,10.000,3917.671,-2074.149,-104.296,-0.035,0.046,3.802,140.538,-138.684,-89.932,-83.526,-84.759,-84.294,-85.548,-84.262,-86.191,-18.867,1.796,16.708,28.375,35.380,47.973,65.655
294.466,82927.180,0.981,17.493,150.109,153.943,10.000,3917.671,-2074.149,-104.296,-0.035,0.046,3.802,142.054,-135.562,-88.114,-81.856,-82.168,-83.152,-82.131,-81.478,-79.492,-18.241,2.325,17.133,28.585,35.380,48.389,66.896
294.539,82963.219,0.981,17.409,148.702,153.850,10.000,3917.671,-2074.149,-104.296,-0.034,0.045,3.802,141.101,-137.235,-89.611,-83.004,-83.463,-83.567,-84.480,-84.262,-84.851,-19.388,1.691,16.282,27.642,34.438,47.454,65.655
294.539,82963.219,0.981,17.409,148.702,153.850,10.000,3917.671,-2074.149,-104.296,-0.034,0.045,3.802,140.451,-140.579,-91.964,-84.466,-85.191,-86.682,-85.869,-85.119,-88.089,-19.909,1.691,16.601,28.271,36.008,49.219,68.588
294.624,83009.000,0.982,17.458,149.577,153.857,10.000,3917.671,-2074.149,-104.296,-0.034,0.045,3.802,139.477,-144.258,-94.316,-87.389,-87.782,-89.277,-89.073,-88.652,-89.428,-17.511,3.487,17.453,29.422,36.426,49.842,69.265
294.624,83009.000,0.982,17.458,149.577,153.857,10.000,3917.671,-2074.149,-104.296,-0.034,0.045,3.802,138.935,-145.707,-95.385,-88.956,-88.862,-89.900,-90.461,-90.900,-95.457,-18.867,2.747,17.240,28.375,36.008,49.738,68.475
294.568,82976.453,0.981,33.146,539.084,558.003,10.000,3917.671,-2074.149,-104.296,-0.034,0.045,6.540,-530.680,-1785.892,-1482.338,-1268.435,-896.370,-709.626,-545.248,-393.091,-102.155,100.749,154.357,206.663,245.360,291.828,385.963,478.873
294.637,83011.328,0.982,33.132,539.574,557.781,10.000,3917.671,-2074.149,-104.296,-0.034,0.045,6.540,-531.437,-1787.450,-1484.687,-1271.352,-897.772,-710.248,-547.063,-393.948,-104.611,101.167,154.251,207.196,245.779,291.932,386.274,481.581
294.637,83011.328,0.982,33.132,538.707,558.125,10.000,3917.671,-2074.149,-104.296,-0.034,0.045,6.540,-528.626,-1786.226,-1482.872,-1270.102,-891.840,-708.797,-545.782,-391.164,-97.578,105.134,158.054,210.494,249.758,294.340,388.662,483.386
294.459,82924.086,0.981,33.126,538.290,557.646,10.000,3917.671,-2074.149,-104.296,-0.034,0.046,6.541,-530.140,-1786.894,-1482.231,-1268.747,-891.625,-707.552,-543.432,-389.023,-99.476,104.612,157.737,209.750,248.502,295.177,389.701,485.867
294.591,82988.594,0.981,33.179,540.194,558.369,10.000,3917.671,-2074.149,-104.296,-0.034,0.045,6.541,-521.922,-1779.771,-1476.679,-1264.267,-889.253,-703.509,-541.403,-386.989,-98.136,106.700,158.583,210.282,248.187,293.816,387.728,483.273
294.492,82938.352,0.981,33.175,539.210,558.623,10.000,3917.671,-2074.149,-104.296,-0.035,0.045,6.541,-521.165,-1776.655,-1474.864,-1262.600,-887.528,-702.574,-541.083,-386.882,-94.675,108.893,159.639,211.239,249.339,295.177,389.908,485.303
294.492,82938.352,0.981,33.175,539.907,558.309,10.000,3917.671,-2074.149,-104.296,-0.035,0.045,6.541,-520.733,-1770.645,-1468.138,-1257.494,-884.292,-699.049,-538.200,-385.169,-94.005,108.266,160.379,211.984,250.805,296.014,388.662,480.565
294.463,82924.469,0.981,33.161,540.366,558.826,10.000,3917.671,-2074.149,-104.296,-0.034,0.046,6.541,-525.490,-1768.419,-1467.071,-1258.953,-880.949,-699.360,-539.481,-388.762,-102.602,104.716,156.575,208.260,246.617,291.409,385.132,478.084
294.463,82924.469,0.981,33.161,539.425,558.505,10.000,3917.671,-2074.149,-104.296,-0.034,0.046,6.541,-529.383,-1768.196,-1465.896,-1257.181,-877.498,-699.257,-540.015,-386.406,-99.477,104.716,156.787,207.940,246.617,292.246,386.170,479.437
294.568,82975.484,0.981,33.124,538.351,558.448,10.000,3917.671,-2074.149,-104.296,-0.034,0.045,6.540,-529.815,-1768.307,-1466.110,-1258.015,-875.233,-697.598,-538.841,-386.192,-96.797,106.283,157.526,208.579,245.988,292.037,384.197,476.053
294.568,82975.484,0.981,33.124,538.351,558.448,10.000,3917.671,-2074.149,-104.296,-0.034,0.045,6.540,-533.059,-1769.643,-1468.459,-1261.454,-877.929,-701.019,-542.044,-390.582,-106.064,101.898,155.333,206.557,244.417,289.629,383.159,476.392
294.639,83010.422,0.981,33.184,540.403,558.608,10.000,3917.671,-2074.149,-104.296,-0.034,0.045,6.540,-529.383,-1770.199,-1466.964,-1260.203,-879.870,-701.745,-541.190,-389.297,-102.044,103.777,156.495,207.942,247.140,292.874,386.897,481.017
294.639,83010.422,0.981,33.184,540.403,558.608,10.000,3917.671,-2074.149,-104.296,-0.034,0.045,6.540,-522.787,-1766.638,-1465.042,-1255.723,-876.743,-697.494,-538.093,-385.336,-97.914,106.074,156.601,207.622,245.848,290.362,383.886,476.392
294.594,82992.273,0.981,33.185,540.391,559.561,10.000,3917.671,-2074.149,-104.296,-0.034,0.045,6.541,-518.570,-1762.965,-1462.373,-1255.097,-879.116,-698.427,-537.666,-387.584,-99.030,104.821,156.601,207.410,245.220,290.573,383.782,477.858
294.571,82975.937,0.981,33.238,540.391,559.561,10.000,3917.671,-2074.149,-104.296,-0.034,0.045,6.541,-515.867,-1759.404,-1458.530,-1252.180,-877.066,-696.768,-538.307,-387.798,-100.370,105.448,157.763,208.687,246.896,291.620,384.408,477.520
294.488,82935.000,0.981,33.227,541.598,559.625,10.000,3917.671,-2074.149,-104.296,-0.034,0.045,6.540,-519.219,-1757.401,-1457.889,-1251.867,-874.154,-695.628,-536.705,-385.443,-96.685,103.360,155.438,206.665,244.697,289.317,382.020,474.364
294.635,83009.000,0.981,33.210,541.598,559.625,10.000,3917.671,-2074.149,-104.296,-0.034,0.045,6.540,-522.353,-1757.178,-1457.569,-1253.222,-874.909,-695.732,-537.666,-385.229,-94.118,102.942,154.382,206.239,244.592,289.631,381.916,475.605
294.635,83009.000,0.981,33.210,541.255,559.499,10.000,3917.671,-2074.149,-104.296,-0.034,0.045,6.540,-517.380,-1754.729,-1455.861,-1252.284,-875.988,-695.939,-537.666,-387.691,-100.705,100.854,153.008,204.643,242.288,287.119,380.047,472.785
294.592,82988.531,0.981,33.209,541.171,559.712,10.000,3917.671,-2074.149,-104.296,-0.034,0.045,6.540,-516.839,-1756.510,-1457.034,-1251.242,-877.605,-696.768,-537.986,-387.049,-103.496,102.629,153.642,205.600,242.812,288.166,380.878,474.477
294.560,82973.352,0.981,33.136,538.741,559.054,10.000,3917.671,-2074.149,-104.296,-0.034,0.045,6.540,-518.136,-1757.178,-1457.781,-1251.534,-874.262,-696.457,-538.413,-388.976,-104.836,102.838,153.959,205.068,242.917,288.270,380.151,473.123
