%Atmospheric Temperature [K],Atmospheric Pressure [Pa],Atmospheric Density [kg/m^3],Airspeed [m/s],PT1 Differential Pressure [Pa],PT2 Differential Pressure [Pa],Angle of Attack [deg],Sting Normal Force [N],Sting Axial Force [N],Sting Pitching Moment [Nm],ELD Probe X axis [mm],ELD Probe Y axis [mm],Applied Voltage [V],Scanivalve Pressure 1 [Pa],Scanivalve Pressure 2 [Pa],Scanivalve Pressure 3 [Pa],Scanivalve Pressure 4 [Pa],Scanivalve Pressure 5 [Pa],Scanivalve Pressure 6 [Pa],Scanivalve Pressure 7 [Pa],Scanivalve Pressure 8 [Pa],Scanivalve Pressure 9 [Pa],Scanivalve Pressure 10 [Pa],Scanivalve Pressure 11 [Pa],Scanivalve Pressure 12 [Pa],Scanivalve Pressure 13 [Pa],Scanivalve Pressure 14 [Pa],Scanivalve Pressure 15 [Pa],Scanivalve Pressure 16 [Pa],%11/10/20218:45 AM
294.336,82105.586,0.972,9.911,47.725,50.788,-10.000,3917.671,-2074.149,-104.296,-0.034,0.045,2.190,6.606,39.081,17.668,-5.429,-8.422,-9.758,-11.853,-11.133,-1.786,-12.194,-20.882,-26.557,-23.420,-21.528,-23.426,-24.437
294.478,82173.523,0.972,9.888,47.522,50.759,-10.000,3917.671,-2074.149,-104.296,-0.033,0.045,2.190,8.230,40.532,17.990,-4.907,-7.774,-9.447,-11.853,-11.133,-3.126,-14.695,-19.933,-23.158,-20.492,-19.333,-21.664,-21.734
294.363,82117.984,0.972,9.922,47.839,50.763,-10.000,3917.671,-2074.149,-104.296,-0.033,0.046,2.190,10.288,39.192,17.026,-5.951,-9.502,-10.070,-13.135,-12.953,-5.582,-12.194,-19.194,-21.564,-17.669,-15.989,-19.176,-18.018
294.363,82117.984,0.972,9.922,47.839,50.763,-10.000,3917.671,-2074.149,-104.296,-0.033,0.046,2.190,12.995,37.406,15.419,-6.995,-10.581,-11.523,-13.989,-13.810,-6.029,-14.174,-17.191,-19.227,-15.369,-14.944,-16.274,-16.667
294.514,82191.469,0.972,9.911,47.754,50.718,-10.000,3917.671,-2074.149,-104.296,-0.033,0.045,2.190,15.161,37.182,15.419,-7.413,-10.258,-11.627,-13.882,-14.345,-5.359,-11.881,-16.663,-18.484,-15.265,-14.944,-16.585,-17.342
294.329,82102.031,0.972,9.931,47.916,50.945,-10.000,3917.671,-2074.149,-104.296,-0.034,0.045,2.190,15.269,37.852,16.276,-6.682,-9.934,-11.627,-13.882,-14.024,-5.806,-9.901,-15.714,-20.183,-16.624,-15.571,-17.622,-18.356
294.471,82173.523,0.972,9.931,47.936,50.885,-10.000,3917.671,-2074.149,-104.296,-0.033,0.045,2.190,13.970,36.289,15.848,-7.935,-10.366,-11.523,-13.455,-14.345,-5.247,-14.799,-16.558,-21.033,-17.460,-15.989,-18.451,-19.257
294.366,82116.953,0.972,9.910,47.723,50.617,-10.000,3917.671,-2074.149,-104.296,-0.033,0.046,2.190,12.995,37.629,15.634,-7.204,-10.474,-11.731,-13.989,-13.917,-5.247,-13.132,-16.030,-20.608,-15.892,-14.840,-17.000,-16.892
294.366,82116.953,0.972,9.910,47.723,50.617,-10.000,3917.671,-2074.149,-104.296,-0.033,0.046,2.190,15.377,37.294,15.634,-6.995,-10.689,-11.835,-13.776,-14.024,-5.694,-12.923,-16.558,-18.590,-15.056,-13.272,-16.689,-16.892
294.335,82103.523,0.972,9.924,47.857,50.717,-10.000,3917.671,-2074.149,-104.296,-0.034,0.046,2.190,15.161,36.066,13.599,-8.144,-11.553,-12.769,-15.377,-14.452,-6.699,-10.109,-16.136,-17.421,-14.219,-13.481,-16.378,-16.892
294.335,82103.523,0.972,9.924,47.857,50.717,-10.000,3917.671,-2074.149,-104.296,-0.034,0.046,2.190,15.486,35.731,14.349,-8.248,-11.229,-12.769,-14.950,-14.773,-5.806,-8.338,-14.660,-17.740,-13.174,-12.645,-14.512,-16.892
294.433,82152.984,0.972,9.938,48.002,50.678,-10.000,3917.671,-2074.149,-104.296,-0.033,0.045,2.190,16.677,36.847,15.527,-7.309,-10.258,-11.523,-13.776,-13.917,-5.136,-9.067,-14.976,-17.634,-15.265,-13.586,-15.963,-17.230
294.359,82116.695,0.972,9.910,47.719,50.607,-10.000,3917.671,-2074.149,-104.296,-0.033,0.045,2.190,15.269,36.512,15.527,-7.517,-10.150,-11.835,-13.348,-13.382,-4.466,-14.799,-16.558,-18.590,-15.160,-14.631,-16.378,-17.793
294.359,82116.695,0.972,9.910,47.719,50.607,-10.000,3917.671,-2074.149,-104.296,-0.033,0.045,2.190,14.836,35.954,15.634,-7.622,-10.258,-11.419,-13.242,-13.703,-5.136,-11.464,-17.613,-18.696,-15.369,-13.166,-15.859,-16.104
294.323,82098.937,0.972,9.911,47.725,50.545,-10.000,3917.671,-2074.149,-104.296,-0.033,0.046,2.189,14.836,37.071,15.848,-6.682,-10.042,-10.796,-13.242,-13.167,-4.801,-12.194,-16.558,-19.440,-15.056,-12.852,-15.963,-16.441
294.323,82098.937,0.972,9.911,47.725,50.545,-10.000,3917.671,-2074.149,-104.296,-0.033,0.046,2.189,14.403,38.411,16.062,-6.787,-9.286,-10.277,-13.348,-13.274,-6.141,-11.673,-15.398,-20.608,-17.356,-15.569,-17.933,-18.916
294.427,82148.398,0.972,9.929,47.914,50.769,-10.000,3917.671,-2074.149,-104.296,-0.033,0.045,2.189,11.154,37.852,15.634,-6.787,-10.258,-10.900,-13.562,-12.632,-2.680,-5.315,-25.522,-24.964,-19.656,-18.390,-20.109,-22.069
294.427,82148.398,0.972,9.929,47.914,50.769,-10.000,3917.671,-2074.149,-104.296,-0.033,0.045,2.189,9.313,38.969,17.240,-5.429,-7.990,-9.862,-11.533,-10.812,-0.223,-11.881,-21.304,-24.857,-21.120,-19.122,-20.835,-22.519
294.359,82115.664,0.972,9.906,47.683,50.564,-10.000,3917.671,-2074.149,-104.296,-0.034,0.045,2.189,10.071,38.076,16.383,-6.578,-9.286,-11.004,-12.601,-12.632,-3.796,-12.611,-18.984,-24.114,-20.492,-18.286,-18.555,-19.141
294.511,82193.148,0.972,9.885,47.501,50.432,-10.000,3917.671,-2074.149,-104.296,-0.033,0.045,2.189,12.995,36.289,15.420,-8.562,-10.042,-12.146,-13.455,-13.382,-3.349,-13.549,-20.460,-21.883,-17.565,-16.927,-18.347,-18.691
294.521,82200.641,0.972,18.063,158.619,165.499,-10.000,3917.671,-2074.149,-104.296,-0.033,0.045,3.644,20.900,88.546,22.273,-44.687,-53.771,-62.183,-63.752,-60.699,-36.620,-72.850,-87.113,-87.638,-85.210,-84.649,-82.199,-82.883
294.416,82146.398,0.972,18.089,158.972,165.472,-10.000,3917.671,-2074.149,-104.296,-0.034,0.045,3.644,24.799,88.546,22.059,-43.434,-52.584,-60.730,-62.684,-58.451,-34.387,-60.448,-83.844,-90.400,-88.137,-87.470,-88.522,-90.316
294.416,82146.398,0.972,18.089,159.034,165.472,-10.000,3917.671,-2074.149,-104.296,-0.034,0.045,3.644,17.218,90.444,23.558,-42.181,-51.396,-58.550,-60.335,-55.774,-31.373,-59.197,-91.543,-95.605,-94.097,-90.605,-89.352,-92.005
294.351,82116.437,0.972,18.117,159.491,165.607,-10.000,3917.671,-2074.149,-104.296,-0.034,0.046,3.644,14.403,92.342,25.806,-39.884,-50.316,-58.446,-60.869,-57.166,-36.508,-61.803,-83.422,-92.418,-89.078,-85.798,-87.382,-91.780
294.351,82116.437,0.972,18.117,159.491,165.607,-10.000,3917.671,-2074.149,-104.296,-0.034,0.046,3.644,15.702,90.332,23.236,-41.764,-52.260,-59.277,-61.936,-58.343,-38.071,-61.490,-81.629,-92.418,-88.347,-87.679,-89.041,-90.879
294.419,82150.141,0.972,18.078,158.840,165.565,-10.000,3917.671,-2074.149,-104.296,-0.034,0.045,3.644,13.536,90.667,23.343,-41.868,-52.152,-59.692,-62.150,-58.022,-36.285,-62.324,-92.070,-98.792,-92.424,-87.679,-87.278,-85.135
294.420,82153.117,0.972,18.075,158.840,165.565,-10.000,3917.671,-2074.149,-104.296,-0.033,0.045,3.643,18.301,91.784,24.521,-40.824,-50.964,-58.861,-60.975,-57.166,-33.382,-66.492,-96.921,-95.392,-89.915,-87.470,-86.138,-83.784
294.521,82200.383,0.972,18.066,158.789,165.448,-10.000,3917.671,-2074.149,-104.296,-0.033,0.045,3.643,21.334,89.885,23.665,-42.703,-52.152,-60.107,-62.791,-59.414,-37.513,-72.433,-85.953,-89.019,-83.851,-79.946,-77.846,-73.649
294.521,82200.383,0.972,18.066,158.678,165.498,-10.000,3917.671,-2074.149,-104.296,-0.033,0.045,3.643,30.863,85.977,19.810,-46.775,-55.499,-63.948,-65.674,-62.947,-41.756,-59.822,-75.723,-83.920,-81.028,-79.423,-78.364,-83.108
294.526,82203.352,0.972,18.076,158.764,165.438,-10.000,3917.671,-2074.149,-104.296,-0.033,0.045,3.643,25.232,87.652,21.523,-45.000,-53.771,-61.560,-63.858,-60.163,-36.285,-63.679,-86.902,-89.550,-89.183,-86.530,-85.413,-88.964
294.526,82203.352,0.972,18.076,158.842,165.535,-10.000,3917.671,-2074.149,-104.296,-0.033,0.045,3.643,17.868,90.332,22.915,-42.286,-52.044,-59.588,-61.936,-59.200,-36.620,-75.768,-86.375,-91.674,-86.778,-83.395,-78.882,-79.955
294.423,82152.078,0.972,18.085,158.971,165.540,-10.000,3917.671,-2074.149,-104.296,-0.034,0.046,3.643,23.391,89.439,21.630,-44.165,-53.879,-61.976,-64.179,-61.983,-42.091,-76.289,-81.208,-91.037,-87.615,-83.290,-79.193,-84.460
294.423,82152.078,0.972,18.085,158.971,165.540,-10.000,3917.671,-2074.149,-104.296,-0.034,0.046,3.643,23.174,87.764,20.666,-45.209,-55.391,-63.221,-66.208,-62.304,-40.975,-65.867,-84.266,-94.755,-90.124,-89.560,-91.321,-95.946
294.352,82117.336,0.972,18.092,159.052,165.604,-10.000,3917.671,-2074.149,-104.296,-0.033,0.046,3.643,15.161,89.774,21.416,-44.165,-54.527,-61.457,-64.179,-59.414,-33.606,-60.552,-90.699,-100.704,-100.998,-99.473,-100.339,-107.883
294.352,82117.336,0.972,18.092,159.052,165.604,-10.000,3917.671,-2074.149,-104.296,-0.033,0.046,3.643,5.956,91.895,23.665,-42.390,-51.936,-59.796,-62.043,-57.594,-34.611,-58.259,-90.699,-105.272,-101.521,-98.011,-96.090,-97.861
294.413,82147.430,0.972,18.058,158.486,165.607,-10.000,3917.671,-2074.149,-104.296,-0.033,0.046,3.643,10.937,90.444,23.129,-43.852,-52.583,-60.938,-63.538,-59.842,-35.727,-58.676,-81.208,-99.429,-96.397,-94.458,-95.675,-97.845
294.413,82147.430,0.972,18.058,158.486,165.607,-10.000,3917.671,-2074.149,-104.296,-0.033,0.046,3.643,11.804,91.225,24.521,-41.450,-50.640,-58.446,-60.228,-56.309,-30.480,-64.617,-84.372,-98.367,-95.561,-92.786,-90.596,-88.500
294.510,82195.859,0.972,18.048,158.357,165.488,-10.000,3917.671,-2074.149,-104.296,-0.033,0.045,3.643,16.894,91.449,25.378,-41.242,-50.316,-59.277,-60.975,-58.236,-38.072,-67.222,-85.953,-91.462,-88.556,-82.233,-77.639,-72.399
294.510,82195.859,0.972,18.048,158.357,165.488,-10.000,3917.671,-2074.149,-104.296,-0.033,0.045,3.643,28.048,89.885,23.986,-42.077,-51.936,-60.522,-62.791,-59.842,-39.635,-61.386,-81.946,-84.239,-79.564,-77.217,-76.499,-73.637
294.343,82114.367,0.972,18.081,158.858,165.417,-10.000,3917.671,-2074.149,-104.296,-0.034,0.046,3.643,27.723,90.555,23.343,-41.764,-52.475,-60.107,-63.218,-60.484,-40.305,-56.071,-83.211,-79.140,-98.279,-95.294,-95.675,-103.024
294.515,82205.484,0.972,32.800,523.050,546.487,-10.000,3917.671,-2074.149,-104.296,-0.033,0.045,6.178,78.728,260.949,33.302,-187.624,-217.892,-250.914,-251.804,-234.444,-158.538,-221.781,-315.548,-340.672,-330.071,-331.802,-328.486,-332.771
294.514,82201.289,0.972,32.806,522.922,546.834,-10.000,3917.671,-2074.149,-104.296,-0.033,0.045,6.178,56.420,262.622,33.195,-186.893,-215.409,-246.969,-247.105,-229.734,-154.184,-215.111,-314.282,-354.056,-353.072,-349.045,-346.626,-337.726
294.445,82169.578,0.972,32.809,523.240,546.743,-10.000,3917.671,-2074.149,-104.296,-0.033,0.045,6.179,53.929,267.200,36.729,-182.717,-214.437,-246.139,-248.280,-230.376,-155.635,-227.721,-303.630,-331.217,-332.162,-337.550,-340.821,-345.271
294.445,82169.578,0.972,32.809,523.235,546.432,-10.000,3917.671,-2074.149,-104.296,-0.033,0.045,6.179,46.024,266.977,37.692,-180.732,-211.522,-243.128,-245.290,-226.844,-151.281,-223.240,-308.692,-343.434,-362.691,-349.359,-350.461,-358.222
294.402,82149.562,0.972,32.808,523.157,546.503,-10.000,3917.671,-2074.149,-104.296,-0.034,0.046,6.179,25.882,273.006,41.868,-177.287,-209.146,-240.221,-240.698,-220.742,-143.801,-236.684,-302.681,-377.745,-369.173,-367.229,-365.491,-368.582
294.518,82205.547,0.972,32.831,524.060,546.737,-10.000,3917.671,-2074.149,-104.296,-0.033,0.045,6.179,23.499,276.803,46.580,-173.424,-205.691,-238.664,-239.203,-219.243,-138.330,-219.384,-317.551,-365.104,-367.814,-361.899,-358.443,-355.744
294.521,82206.000,0.972,32.791,522.753,546.679,-10.000,3917.671,-2074.149,-104.296,-0.033,0.045,6.179,31.080,275.574,45.295,-176.765,-208.499,-241.674,-242.620,-229.092,-164.567,-237.518,-313.544,-355.968,-347.218,-344.552,-331.699,-320.834
294.521,82206.000,0.972,32.791,522.753,546.679,-10.000,3917.671,-2074.149,-104.296,-0.033,0.045,6.179,61.293,264.297,35.336,-185.222,-215.409,-248.007,-250.095,-236.371,-170.596,-231.994,-317.868,-332.173,-326.203,-326.159,-323.407,-315.091
294.407,82148.016,0.972,32.753,522.678,546.573,-10.000,3917.671,-2074.149,-104.296,-0.033,0.045,6.179,74.072,257.039,26.877,-193.157,-222.859,-254.858,-258.104,-241.616,-169.927,-253.985,-303.630,-321.338,-314.597,-314.141,-307.651,-297.636
294.522,82208.328,0.972,32.810,523.388,546.967,-10.000,3917.671,-2074.149,-104.296,-0.033,0.045,6.179,86.309,255.253,25.699,-194.201,-223.939,-255.896,-259.279,-243.543,-172.160,-235.538,-322.614,-321.126,-314.911,-313.200,-311.279,-313.402
294.522,82208.328,0.972,32.810,523.388,546.967,-10.000,3917.671,-2074.149,-104.296,-0.033,0.045,6.179,76.129,255.699,26.235,-193.470,-223.723,-255.481,-257.677,-241.295,-168.029,-249.920,-295.089,-319.320,-313.865,-318.530,-320.090,-325.789
294.518,82204.000,0.972,32.775,522.250,546.727,-10.000,3917.671,-2074.149,-104.296,-0.033,0.045,6.180,66.708,258.156,27.841,-191.695,-220.592,-251.536,-251.804,-232.303,-151.952,-227.408,-298.781,-367.018,-370.637,-376.843,-379.589,-389.528
294.455,82173.453,0.972,32.840,524.241,547.102,-10.000,3917.671,-2074.149,-104.296,-0.033,0.046,6.180,13.536,267.870,35.444,-186.475,-217.137,-249.979,-251.483,-234.123,-162.670,-246.898,-306.269,-346.303,-336.137,-339.640,-341.547,-331.195
294.455,82173.453,0.972,32.840,524.241,547.102,-10.000,3917.671,-2074.149,-104.296,-0.033,0.046,6.180,62.484,257.932,27.091,-195.350,-224.911,-257.350,-259.172,-242.901,-165.684,-244.813,-312.596,-332.281,-338.855,-344.814,-347.559,-351.127
294.412,82152.789,0.972,32.853,524.612,546.823,-10.000,3917.671,-2074.149,-104.296,-0.034,0.045,6.180,47.324,263.627,31.696,-189.920,-221.564,-253.094,-254.473,-234.658,-150.500,-250.233,-332.213,-347.047,-350.252,-358.607,-352.433,-358.447
294.345,82117.531,0.972,32.807,523.023,547.658,-10.000,3917.671,-2074.149,-104.296,-0.034,0.046,6.180,40.501,262.734,31.267,-189.189,-219.728,-250.394,-250.522,-230.483,-155.971,-266.699,-328.838,-346.197,-346.174,-353.696,-351.085,-339.924
294.518,82204.000,0.972,32.835,524.162,547.469,-10.000,3917.671,-2074.149,-104.296,-0.033,0.045,6.180,47.757,264.967,32.552,-188.041,-219.836,-251.640,-255.434,-240.225,-175.956,-248.565,-296.988,-328.032,-322.441,-335.724,-334.708,-345.779
294.518,82204.000,0.972,32.835,524.162,547.469,-10.000,3917.671,-2074.149,-104.296,-0.033,0.046,6.180,48.840,263.403,32.017,-188.772,-217.892,-249.668,-249.775,-230.483,-154.185,-203.334,-287.918,-357.032,-385.904,-394.238,-386.121,-390.142
294.464,82178.492,0.972,32.895,526.022,547.719,-10.000,3917.671,-2074.149,-104.296,-0.033,0.046,6.180,8.663,272.336,39.406,-182.925,-214.437,-246.969,-248.173,-230.911,-157.311,-195.830,-297.199,-355.439,-368.339,-365.712,-359.482,-344.879
294.536,82214.328,0.972,32.844,524.471,548.264,-10.000,3917.671,-2074.149,-104.296,-0.033,0.045,6.180,44.616,267.088,37.157,-184.387,-214.761,-247.072,-246.358,-225.666,-142.462,-171.442,-296.250,-382.846,-391.759,-394.133,-394.310,-401.289
294.840,82092.930,0.970,9.902,47.555,49.281,-2.000,3917.671,-2074.149,-104.296,-0.034,0.045,2.191,45.699,5.806,-11.440,-24.745,-19.111,-11.419,-8.863,-8.350,-6.587,8.874,7.714,3.831,5.445,1.884,-9.122,-16.779
294.778,82061.484,0.970,9.930,47.818,49.482,-2.000,3917.671,-2074.149,-104.296,-0.034,0.046,2.191,48.190,7.146,-9.516,-22.761,-17.060,-10.693,-7.795,-7.280,-3.238,10.754,8.771,5.108,6.387,1.675,-8.500,-15.878
294.778,82061.484,0.970,9.930,47.818,49.482,-2.000,3917.671,-2074.149,-104.296,-0.034,0.046,2.191,47.973,7.369,-9.302,-22.866,-17.600,-10.900,-7.795,-8.029,-4.243,9.083,6.868,3.938,5.131,0.628,-10.158,-18.356
294.954,82149.367,0.970,9.909,47.633,49.322,-2.000,3917.671,-2074.149,-104.296,-0.033,0.045,2.191,46.674,5.918,-10.157,-23.805,-18.140,-12.042,-7.795,-8.671,-4.466,8.144,7.925,3.725,5.026,0.628,-9.225,-17.004
294.859,82099.453,0.970,9.911,47.641,49.333,-2.000,3917.671,-2074.149,-104.296,-0.034,0.045,2.191,47.865,7.034,-8.874,-23.492,-16.952,-10.900,-7.582,-7.708,-4.689,9.814,8.031,4.363,5.549,1.256,-9.536,-17.230
294.848,82096.352,0.970,9.898,47.515,49.377,-2.000,3917.671,-2074.149,-104.296,-0.034,0.045,2.191,46.890,7.258,-10.157,-22.970,-17.816,-10.900,-8.223,-7.815,-4.801,8.979,6.974,4.257,5.235,1.675,-9.536,-17.793
294.773,82057.352,0.970,9.911,47.625,49.444,-2.000,3917.671,-2074.149,-104.296,-0.034,0.046,2.191,46.674,7.258,-10.050,-23.179,-17.168,-10.589,-7.582,-7.815,-4.466,9.501,7.819,4.470,5.445,1.151,-9.744,-17.004
294.773,82057.352,0.970,9.911,47.625,49.444,-2.000,3917.671,-2074.149,-104.296,-0.034,0.046,2.191,47.648,8.039,-9.730,-22.030,-17.600,-10.070,-7.689,-7.387,-5.024,9.605,7.080,4.363,4.398,1.256,-9.847,-17.568
294.848,82097.773,0.970,9.877,47.319,49.112,-2.000,3917.671,-2074.149,-104.296,-0.034,0.046,2.191,46.349,6.923,-9.943,-23.179,-17.924,-10.900,-8.329,-8.029,-5.806,8.979,7.925,4.363,5.340,0.942,-9.122,-17.117
294.848,82097.773,0.970,9.877,47.319,49.112,-2.000,3917.671,-2074.149,-104.296,-0.034,0.046,2.191,47.432,7.258,-9.088,-22.552,-17.276,-10.693,-7.368,-7.494,-4.578,9.188,7.502,4.257,5.654,0.942,-9.536,-17.342
294.958,82147.172,0.970,9.883,47.384,49.316,-2.000,3917.671,-2074.149,-104.296,-0.033,0.045,2.192,47.107,7.369,-9.195,-22.866,-17.708,-10.693,-7.689,-7.601,-4.578,8.666,7.501,3.618,4.921,-0.209,-10.158,-18.243
294.958,82147.172,0.970,9.883,47.384,49.316,-2.000,3917.671,-2074.149,-104.296,-0.033,0.045,2.192,46.782,6.811,-9.195,-23.701,-17.708,-10.796,-7.902,-7.922,-4.578,9.501,7.818,4.469,5.131,1.361,-9.847,-17.342
294.947,82144.594,0.970,9.875,47.095,49.067,-2.000,3917.671,-2074.149,-104.296,-0.033,0.045,2.192,46.674,7.593,-8.981,-22.448,-17.384,-10.277,-7.261,-7.601,-5.136,10.023,7.607,4.469,4.921,1.570,-10.158,-17.342
294.947,82144.594,0.970,9.875,47.305,49.053,-2.000,3917.671,-2074.149,-104.296,-0.033,0.045,2.192,46.349,8.151,-9.623,-22.761,-18.032,-10.485,-7.902,-7.387,-5.136,9.292,7.184,3.724,4.607,0.942,-10.469,-17.568
294.845,82092.867,0.970,9.871,47.235,49.123,-2.000,3917.671,-2074.149,-104.296,-0.034,0.045,2.192,46.132,8.039,-9.195,-22.657,-18.464,-10.381,-7.795,-7.065,-4.801,9.814,6.656,4.363,4.607,1.152,-10.677,-17.568
294.845,82092.867,0.970,9.871,47.254,49.048,-2.000,3917.671,-2074.149,-104.296,-0.034,0.045,2.192,46.132,8.151,-9.088,-22.970,-17.276,-10.485,-7.689,-6.637,-3.796,9.710,7.607,3.511,4.921,1.047,-9.951,-17.680
294.790,82065.289,0.970,9.851,47.056,49.139,-2.000,3917.671,-2074.149,-104.296,-0.033,0.046,2.192,46.674,8.039,-8.767,-22.030,-16.844,-10.589,-7.048,-6.851,-4.019,9.083,7.818,4.575,5.235,0.733,-9.329,-18.581
294.957,82149.305,0.970,9.884,47.056,49.139,-2.000,3917.671,-2074.149,-104.296,-0.033,0.045,2.192,46.674,7.258,-8.981,-22.239,-17.276,-10.589,-7.689,-8.136,-5.247,8.979,7.396,3.937,4.607,0.419,-9.847,-18.356
294.859,82099.906,0.970,9.857,47.122,49.026,-2.000,3917.671,-2074.149,-104.296,-0.034,0.045,2.192,46.782,6.923,-8.554,-22.970,-17.276,-11.627,-7.795,-8.029,-3.796,7.830,7.184,3.299,4.817,0.628,-10.055,-17.906
294.859,82099.906,0.970,9.857,47.122,49.026,-2.000,3917.671,-2074.149,-104.296,-0.034,0.045,2.192,46.241,7.704,-8.981,-22.448,-17.384,-10.589,-7.902,-7.387,-4.578,8.770,7.184,4.256,5.340,1.466,-9.744,-17.117
294.808,82077.109,0.970,18.369,163.626,170.612,-2.000,3917.671,-2074.149,-30.521,-0.034,0.046,3.720,162.329,-43.924,-97.617,-136.880,-119.095,-103.500,-87.672,-77.398,-50.576,22.134,13.526,5.747,0.419,-12.018,-36.383,-51.464
294.916,82129.609,0.970,18.369,163.684,170.484,-2.000,3917.671,-2074.149,94.783,-0.033,0.046,3.720,163.628,-42.810,-95.799,-136.358,-117.260,-102.981,-86.497,-76.756,-49.682,22.969,14.899,5.534,1.466,-11.600,-35.139,-51.013
294.800,82070.133,0.970,18.343,163.684,170.484,-2.000,3917.671,-2074.149,16.856,-0.034,0.046,3.721,163.628,-42.698,-95.051,-136.045,-117.044,-102.566,-86.284,-76.649,-53.813,22.447,14.477,5.427,0.733,-12.436,-36.072,-51.802
294.979,82158.539,0.970,18.362,163.570,170.516,-2.000,3917.671,-2074.149,0.563,-0.033,0.045,3.721,162.762,-43.256,-96.013,-135.941,-117.152,-103.397,-86.497,-77.506,-51.804,21.716,14.160,4.789,0.942,-12.540,-35.554,-52.815
294.979,82158.539,0.970,18.362,163.570,170.516,-2.000,3917.671,-2074.149,0.563,-0.033,0.045,3.721,162.437,-43.478,-95.265,-136.776,-116.936,-102.877,-86.070,-77.506,-54.148,21.090,14.160,3.938,0.524,-13.063,-35.761,-52.252
294.815,82078.016,0.970,18.372,163.690,170.310,-2.000,3917.671,-2074.149,1.339,-0.034,0.046,3.721,162.112,-42.698,-95.693,-136.150,-117.476,-102.255,-86.604,-76.970,-56.046,21.612,13.526,4.789,0.209,-12.854,-37.109,-53.041
294.927,82132.641,0.970,18.379,163.846,170.409,-2.000,3917.671,-2074.149,-104.296,-0.033,0.045,3.720,160.921,-43.590,-97.189,-136.358,-118.340,-103.293,-86.604,-77.184,-57.051,22.134,13.737,4.682,0.209,-12.750,-36.279,-51.914
294.927,82132.641,0.970,18.379,163.846,170.409,-2.000,3917.671,-2074.149,-104.296,-0.033,0.045,3.720,162.654,-42.587,-95.906,-135.419,-117.044,-101.839,-86.711,-76.863,-50.464,21.716,12.892,4.895,0.524,-12.018,-36.590,-51.802
294.806,82071.297,0.970,18.385,163.902,170.415,-2.000,3917.671,-2074.149,-104.296,-0.034,0.046,3.720,161.462,-42.698,-96.013,-135.523,-117.368,-102.358,-86.711,-77.077,-51.581,21.716,12.892,4.682,-0.732,-12.540,-37.109,-52.252
294.813,82075.750,0.970,18.440,164.895,170.495,-2.000,3917.671,-2074.149,-104.296,-0.033,0.046,3.720,160.488,-43.590,-96.869,-136.880,-117.908,-103.189,-87.458,-77.506,-52.139,20.881,13.314,3.938,-0.000,-13.063,-36.487,-52.140
294.904,82118.695,0.970,18.419,164.895,170.495,-2.000,3917.671,-2074.149,82.844,-0.033,0.045,3.720,162.112,-43.144,-96.334,-135.941,-117.152,-103.189,-86.390,-77.291,-47.227,21.821,13.946,4.363,0.733,-12.122,-36.487,-51.689
294.904,82118.695,0.970,18.419,164.556,170.637,-2.000,3917.671,-2074.149,82.844,-0.033,0.045,3.720,162.004,-43.701,-96.120,-136.567,-117.152,-103.293,-86.604,-77.613,-47.897,21.299,13.524,4.043,-0.209,-13.168,-36.487,-52.590
294.808,82070.133,0.970,18.442,164.912,170.817,-2.000,3917.671,-2074.149,-97.062,-0.034,0.046,3.720,161.571,-44.370,-96.013,-136.776,-117.152,-103.085,-86.390,-77.934,-47.227,21.403,13.207,3.618,0.314,-12.854,-36.383,-52.590
294.980,82161.445,0.970,18.430,164.912,170.817,-2.000,3917.671,-2074.149,79.722,-0.033,0.045,3.720,162.545,-44.147,-96.013,-136.567,-117.692,-103.708,-86.284,-77.720,-49.795,20.568,13.312,4.256,-0.418,-13.688,-37.523,-53.604
294.980,82161.445,0.970,18.430,164.784,170.802,-2.000,3917.671,-2074.149,79.722,-0.033,0.045,3.720,160.596,-44.036,-96.762,-137.089,-118.124,-103.500,-87.992,-78.897,-52.362,20.046,12.467,3.618,-0.732,-13.793,-37.524,-53.491
294.902,82118.305,0.970,18.401,164.237,170.833,-2.000,3917.671,-2074.149,104.223,-0.033,0.045,3.719,160.704,-43.033,-97.189,-136.567,-117.800,-103.500,-87.458,-77.720,-57.275,21.612,13.524,4.363,-0.418,-12.748,-37.005,-52.694
294.917,82127.797,0.970,18.395,164.237,170.833,-2.000,3917.671,-2074.149,104.223,-0.033,0.045,3.719,162.437,-42.475,-96.548,-136.463,-117.476,-103.189,-86.711,-77.613,-59.731,21.403,12.995,4.256,-0.209,-12.748,-37.213,-52.244
294.917,82127.797,0.970,18.395,164.140,170.820,-2.000,3917.671,-2074.149,104.223,-0.033,0.045,3.719,160.704,-43.813,-97.403,-136.672,-118.664,-103.189,-88.099,-77.720,-58.726,20.672,12.890,4.256,-0.627,-13.479,-37.420,-53.595
294.973,82157.766,0.970,18.384,163.968,170.649,-2.000,3917.671,-2074.149,104.223,-0.033,0.045,3.718,160.488,-43.590,-96.868,-136.880,-118.232,-103.397,-87.245,-78.469,-53.256,20.985,13.312,4.363,0.314,-12.643,-36.280,-52.244
294.809,82077.172,0.970,18.416,164.473,170.485,-2.000,3917.671,-2074.149,-70.957,-0.034,0.046,3.718,163.195,-43.256,-95.799,-136.776,-117.260,-103.604,-86.604,-77.506,-50.130,21.507,13.629,4.788,-0.105,-12.852,-36.176,-52.019
294.431,82138.711,0.972,32.966,528.089,540.949,-2.000,3917.671,-2074.149,-104.296,-0.033,0.045,6.146,502.904,-180.603,-357.750,-487.277,-425.309,-389.190,-335.096,-295.463,-69.220,32.887,11.518,-14.978,-37.325,-81.618,-155.898,-207.094
294.395,82121.281,0.972,32.925,526.731,539.938,-2.000,3904.658,-2074.149,-104.296,-0.034,0.046,6.146,504.420,-183.056,-358.820,-488.112,-425.201,-388.878,-333.814,-295.034,-62.745,33.618,12.575,-14.872,-36.384,-81.304,-154.654,-205.630
294.395,82121.281,0.972,32.925,526.731,539.938,-2.000,3904.658,-2074.149,-104.296,-0.034,0.046,6.146,507.235,-181.941,-357.537,-489.156,-424.877,-388.878,-333.494,-294.927,-70.337,34.558,12.997,-14.872,-36.802,-80.991,-155.172,-206.756
294.445,82143.687,0.972,32.844,524.210,539.723,-2.000,3917.671,-2074.149,-104.296,-0.033,0.046,6.146,505.611,-181.606,-357.644,-487.592,-424.121,-388.359,-332.853,-293.750,-67.434,35.080,13.314,-14.341,-35.757,-80.468,-152.995,-204.279
294.445,82143.687,0.972,32.844,524.210,539.723,-2.000,3917.671,-2074.149,-104.296,-0.033,0.046,6.146,507.885,-179.265,-354.757,-485.817,-422.180,-387.321,-330.931,-293.107,-66.876,37.690,14.265,-12.747,-34.188,-78.378,-151.855,-202.364
294.543,82194.117,0.972,32.887,525.261,538.970,-2.000,3917.671,-2074.149,-104.296,-0.033,0.045,6.146,507.344,-178.596,-355.506,-485.086,-422.288,-385.558,-331.358,-291.930,-62.857,37.377,14.371,-12.535,-34.920,-78.482,-153.410,-202.815
294.543,82194.117,0.972,32.887,525.732,539.304,-2.000,3917.671,-2074.149,-104.296,-0.033,0.045,6.146,506.477,-177.704,-354.116,-484.877,-422.180,-385.869,-332.854,-293.214,-66.094,36.124,13.737,-12.535,-35.129,-78.796,-153.306,-202.815
294.569,82206.195,0.972,32.828,523.876,539.584,-2.000,3917.671,-2074.149,-104.296,-0.033,0.045,6.146,505.394,-178.262,-355.078,-484.146,-422.504,-385.558,-332.107,-291.074,-66.206,35.393,13.526,-14.234,-35.861,-80.155,-154.136,-204.279
294.569,82206.195,0.972,32.828,523.876,539.584,-2.000,3917.671,-2074.149,-104.296,-0.033,0.045,6.146,504.853,-179.711,-355.292,-484.668,-422.288,-386.596,-331.893,-293.322,-65.760,35.080,13.843,-13.597,-35.861,-80.782,-154.965,-205.630
294.445,82142.914,0.972,32.919,526.584,539.728,-2.000,3917.671,-2074.149,-104.296,-0.033,0.045,6.146,504.311,-180.603,-355.827,-486.339,-423.152,-387.945,-333.388,-294.821,-69.444,32.992,12.363,-15.297,-36.802,-81.095,-154.861,-207.544
294.551,82196.508,0.972,32.844,524.335,539.357,-2.000,3917.671,-2074.149,-104.296,-0.032,0.045,6.146,503.553,-182.498,-356.789,-487.070,-423.368,-387.426,-332.000,-293.108,-64.085,34.558,12.995,-14.341,-35.234,-79.841,-152.788,-203.603
294.396,82122.180,0.972,32.829,523.675,539.865,-2.000,3917.671,-2074.149,-104.296,-0.034,0.046,6.146,507.019,-179.154,-354.971,-485.190,-421.748,-385.869,-331.786,-292.680,-67.770,33.723,11.728,-14.978,-36.907,-81.200,-155.172,-207.432
294.571,82205.875,0.972,32.800,523.675,539.865,-2.000,3917.671,-2074.149,-104.296,-0.033,0.045,6.147,502.470,-180.937,-357.537,-486.548,-424.016,-387.426,-333.175,-294.071,-70.114,32.261,10.882,-15.297,-38.266,-82.349,-156.105,-206.306
294.445,82144.523,0.972,32.822,522.969,539.646,-2.000,3917.671,-2074.149,-104.296,-0.033,0.045,6.147,505.286,-180.045,-356.682,-485.608,-423.044,-386.284,-332.854,-291.823,-61.741,36.542,14.263,-12.110,-34.816,-78.994,-153.514,-202.139
294.445,82144.523,0.972,32.822,523.489,539.026,-2.000,3917.671,-2074.149,-104.296,-0.033,0.045,6.147,507.777,-178.485,-354.757,-484.668,-422.072,-386.181,-332.000,-293.001,-67.546,34.036,14.052,-13.491,-35.652,-80.456,-154.137,-205.743
294.541,82192.117,0.972,32.799,522.732,539.663,-2.000,3917.671,-2074.149,-104.296,-0.033,0.045,6.147,504.528,-180.937,-355.506,-485.817,-422.396,-386.388,-331.573,-292.573,-64.532,34.558,13.735,-14.235,-35.130,-79.412,-152.375,-203.234
294.541,82192.117,0.972,32.799,522.905,539.118,-2.000,3917.671,-2074.149,-104.296,-0.033,0.046,6.147,506.589,-180.603,-354.971,-485.086,-421.316,-385.350,-330.078,-290.967,-59.173,37.377,15.320,-12.429,-33.561,-79.307,-152.375,-204.135
294.571,82208.070,0.972,32.781,522.361,539.561,-2.000,3917.671,-2074.149,-104.296,-0.033,0.045,6.147,505.289,-181.272,-355.720,-485.921,-422.504,-386.907,-332.107,-294.928,-70.003,33.096,12.467,-14.553,-35.757,-80.039,-153.619,-205.936
294.440,82144.852,0.972,32.780,522.164,539.763,-2.000,3917.671,-2074.149,-104.296,-0.033,0.045,6.147,503.881,-181.607,-356.468,-485.817,-422.828,-385.973,-331.893,-292.144,-61.406,35.707,13.312,-13.172,-35.443,-78.889,-152.582,-201.207
294.440,82144.852,0.972,32.780,522.164,539.763,-2.000,3917.671,-2074.149,-104.296,-0.033,0.045,6.147,508.213,-176.924,-352.726,-482.370,-419.805,-384.000,-330.291,-290.860,-61.294,37.899,15.109,-11.473,-34.502,-78.994,-154.448,-206.274
294.596,82196.055,0.972,10.037,48.959,50.777,6.000,3917.671,-2074.149,-104.296,-0.034,0.045,2.254,61.076,-25.976,-25.340,-13.991,-12.957,-10.381,-13.348,-13.703,-11.165,5.533,8.876,11.068,15.287,16.748,14.849,17.598
294.570,82182.883,0.972,10.030,48.885,50.847,6.000,3917.671,-2074.149,-104.296,-0.034,0.046,2.254,62.809,-24.526,-23.629,-13.260,-11.985,-9.654,-12.387,-14.238,-12.169,4.072,7.925,9.897,14.973,15.178,13.395,14.552
294.570,82182.883,0.972,10.030,48.885,50.847,6.000,3917.671,-2074.149,-104.296,-0.034,0.046,2.254,60.968,-26.756,-25.340,-15.453,-13.497,-11.627,-13.455,-15.951,-14.737,4.072,8.242,10.216,14.868,15.596,14.434,17.034
294.454,82126.187,0.972,10.010,48.683,50.849,6.000,3917.671,-2074.149,-104.296,-0.034,0.046,2.254,62.592,-26.533,-24.591,-14.722,-12.417,-11.108,-13.135,-15.308,-12.839,5.533,9.616,11.493,15.601,16.120,15.368,17.486
294.454,82126.187,0.972,10.010,48.683,50.849,6.000,3917.671,-2074.149,-104.296,-0.034,0.046,2.254,61.834,-27.425,-25.447,-16.392,-13.713,-12.146,-14.309,-17.557,-14.849,2.506,8.031,9.258,13.821,13.922,13.084,14.891
294.412,82108.945,0.972,10.022,48.790,50.849,6.000,3917.671,-2074.149,-104.296,-0.034,0.046,2.254,60.210,-29.209,-27.050,-17.019,-14.685,-13.080,-15.164,-16.272,-13.509,4.594,8.559,10.429,15.601,16.538,14.953,18.275
294.567,82185.922,0.972,10.010,48.790,50.849,6.000,3917.671,-2074.149,-104.296,-0.034,0.045,2.254,63.134,-26.310,-25.447,-15.139,-13.065,-10.796,-12.921,-15.201,-14.067,5.533,9.193,11.280,14.973,16.120,13.914,16.357
294.567,82185.922,0.972,10.010,48.695,50.714,6.000,3917.671,-2074.149,-104.296,-0.034,0.045,2.254,60.860,-26.867,-26.302,-16.079,-14.037,-11.835,-14.950,-16.700,-17.082,3.237,7.185,9.791,13.821,15.073,13.291,15.793
294.459,82128.187,0.972,10.015,48.732,50.755,6.000,3917.671,-2074.149,-104.296,-0.034,0.046,2.254,60.318,-27.313,-26.195,-15.870,-13.929,-12.042,-14.737,-16.058,-15.070,5.011,8.031,10.642,14.764,16.120,14.434,17.598
294.459,82128.187,0.972,10.015,48.732,50.755,6.000,3917.671,-2074.149,-104.296,-0.034,0.046,2.254,62.268,-26.422,-25.661,-15.348,-13.389,-11.212,-14.737,-15.844,-15.070,4.385,8.136,10.110,14.345,14.654,13.395,15.004
294.409,82105.719,0.972,10.026,48.835,50.744,6.000,3917.671,-2074.149,-104.296,-0.034,0.046,2.254,61.293,-27.202,-26.195,-16.392,-14.792,-12.146,-14.950,-16.914,-13.507,3.341,7.713,10.110,14.345,14.759,13.187,15.681
294.565,82187.336,0.972,10.023,48.835,50.744,6.000,3917.671,-2074.149,-104.296,-0.033,0.045,2.254,62.159,-26.199,-25.554,-15.139,-13.497,-11.523,-13.455,-15.201,-12.949,4.385,8.452,10.961,15.182,15.282,14.226,17.486
294.565,82187.336,0.972,10.023,48.822,50.806,6.000,3917.671,-2074.149,-104.296,-0.033,0.045,2.254,63.350,-26.533,-25.447,-15.453,-13.497,-11.938,-13.775,-16.593,-13.172,3.654,7.924,9.471,14.659,14.864,14.226,15.568
294.460,82130.641,0.972,10.043,49.000,50.877,6.000,3917.671,-2074.149,-104.296,-0.034,0.045,2.254,61.618,-28.540,-26.623,-17.645,-14.253,-12.561,-13.775,-16.593,-12.614,3.967,8.030,10.216,14.554,15.494,14.226,16.696
294.460,82130.641,0.972,10.043,49.000,50.877,6.000,3917.671,-2074.149,-104.296,-0.034,0.045,2.254,62.484,-26.979,-26.088,-15.557,-13.497,-11.938,-13.882,-15.415,-12.949,4.803,7.924,10.536,14.764,15.704,13.912,16.357
294.409,82101.969,0.972,10.039,48.749,50.896,6.000,3917.671,-2074.149,-104.296,-0.034,0.046,2.254,61.293,-26.422,-25.554,-15.139,-13.389,-11.315,-13.455,-15.737,-13.172,4.489,8.347,10.748,14.345,15.599,14.120,16.358
294.409,82101.969,0.972,10.039,48.950,50.846,6.000,3917.671,-2074.149,-104.296,-0.034,0.046,2.254,61.943,-26.310,-25.554,-14.513,-13.065,-11.212,-13.989,-14.773,-13.395,4.907,7.713,11.174,14.240,15.913,13.912,16.809
294.496,82151.695,0.972,10.065,49.220,50.884,6.000,3917.671,-2074.149,-104.296,-0.034,0.045,2.254,61.834,-26.533,-25.554,-15.139,-13.713,-11.835,-14.523,-15.523,-13.954,4.594,7.924,10.110,14.868,15.704,14.328,16.922
294.496,82151.695,0.972,10.065,49.220,50.884,6.000,3917.671,-2074.149,-104.296,-0.034,0.045,2.254,61.618,-27.648,-25.767,-16.079,-14.037,-12.042,-14.630,-17.021,-15.740,4.489,8.769,10.961,15.287,16.227,15.677,17.486
294.598,82198.187,0.972,10.055,49.134,51.105,6.000,3917.671,-2074.149,-104.296,-0.033,0.045,2.254,63.026,-27.202,-26.195,-16.079,-14.145,-11.938,-14.203,-16.593,-14.288,4.907,8.558,10.642,15.183,16.018,14.847,17.035
294.427,82112.625,0.972,17.987,157.171,160.690,6.000,3917.671,-2074.149,-104.296,-0.034,0.046,3.764,90.748,-318.397,-285.581,-245.153,-218.000,-213.126,-144.482,-80.931,-20.096,35.289,42.789,49.591,59.159,65.735,81.098,103.334
294.596,82195.672,0.972,18.014,157.715,160.687,6.000,3917.671,-2074.149,-104.296,-0.033,0.045,3.764,91.615,-317.059,-284.619,-244.109,-216.920,-212.295,-145.337,-80.717,-21.771,35.080,43.001,50.017,58.217,66.154,80.579,102.094
294.486,82137.937,0.972,18.042,158.140,160.968,6.000,3917.671,-2074.149,-104.296,-0.033,0.046,3.764,89.774,-317.171,-285.901,-244.944,-218.648,-213.230,-145.977,-79.326,-20.096,35.602,42.050,50.656,59.264,66.259,81.410,103.786
294.478,82134.836,0.972,18.005,157.504,160.804,6.000,3917.671,-2074.149,-104.296,-0.034,0.046,3.764,90.315,-315.944,-283.977,-243.482,-217.568,-211.984,-144.482,-79.647,-20.543,36.228,42.156,50.762,58.845,66.364,80.786,103.334
294.584,82187.273,0.972,18.028,157.939,160.972,6.000,3917.671,-2074.149,-104.296,-0.033,0.045,3.764,90.857,-314.941,-284.512,-243.587,-217.244,-211.361,-147.686,-79.540,-22.218,35.393,41.733,50.336,58.321,66.259,79.852,102.206
294.592,82190.828,0.972,18.034,158.050,160.952,6.000,3917.671,-2074.149,-104.296,-0.034,0.045,3.764,89.557,-315.052,-283.977,-242.751,-217.028,-211.465,-147.366,-79.326,-22.329,35.289,42.684,49.698,58.950,65.631,81.098,102.545
294.592,82190.828,0.972,18.034,158.050,160.952,6.000,3917.671,-2074.149,-104.296,-0.034,0.045,3.764,90.640,-315.052,-283.442,-243.065,-216.272,-211.672,-146.511,-78.790,-20.431,34.662,41.627,48.740,57.693,64.898,79.644,100.965
294.489,82137.812,0.972,17.985,157.140,160.973,6.000,3917.671,-2074.149,-104.296,-0.033,0.045,3.764,88.907,-317.059,-284.618,-244.631,-218.108,-212.918,-146.191,-82.751,-22.999,34.349,41.310,48.634,58.426,64.793,80.267,102.206
294.489,82137.812,0.972,17.985,157.140,160.973,6.000,3917.671,-2074.149,-104.296,-0.033,0.045,3.764,88.907,-317.393,-285.153,-245.570,-218.108,-213.437,-146.084,-80.931,-22.329,33.514,41.733,48.314,58.426,64.898,80.060,101.868
294.416,82104.164,0.972,18.050,158.256,161.209,6.000,3917.671,-2074.149,-104.296,-0.034,0.046,3.763,88.907,-317.951,-285.901,-245.884,-218.432,-214.060,-146.405,-82.644,-24.897,33.201,40.888,48.314,57.274,64.898,78.917,101.642
294.586,82188.891,0.972,18.004,158.256,161.209,6.000,3917.671,-2074.149,-104.296,-0.033,0.045,3.763,88.907,-317.393,-285.901,-245.048,-218.648,-213.022,-146.084,-80.503,-22.664,35.185,41.311,49.272,57.798,65.735,79.644,102.319
294.586,82188.891,0.972,18.004,157.531,161.150,6.000,3917.671,-2074.149,-104.296,-0.033,0.045,3.763,89.232,-317.728,-286.436,-245.675,-219.188,-213.333,-148.647,-80.503,-21.436,34.767,40.677,49.166,57.693,65.212,79.644,101.529
294.479,82133.031,0.972,18.021,157.778,161.059,6.000,3917.671,-2074.149,-104.296,-0.033,0.045,3.764,88.474,-318.397,-287.719,-246.406,-219.943,-213.956,-145.657,-81.788,-23.781,34.454,40.677,49.911,57.693,65.735,80.786,103.447
294.479,82133.031,0.972,18.021,157.778,161.059,6.000,3917.671,-2074.149,-104.296,-0.033,0.045,3.764,90.099,-318.174,-287.185,-245.988,-218.972,-214.267,-147.473,-80.075,-22.329,34.558,41.733,49.592,58.426,65.327,80.371,102.658
294.421,82106.164,0.972,18.020,157.731,161.187,6.000,3917.671,-2074.149,-104.296,-0.034,0.046,3.764,89.774,-319.177,-286.864,-247.032,-219.188,-213.956,-148.861,-79.219,-22.106,34.140,41.416,49.060,58.112,64.908,79.944,102.094
294.592,82190.055,0.972,17.998,157.426,161.205,6.000,3917.671,-2074.149,-104.296,-0.034,0.045,3.764,88.583,-320.069,-287.933,-246.719,-219.080,-214.579,-146.939,-82.002,-21.660,35.498,42.579,49.698,59.264,65.536,81.813,103.335
294.592,82190.055,0.972,17.998,157.426,161.205,6.000,3917.671,-2074.149,-104.296,-0.034,0.045,3.764,90.748,-319.400,-287.291,-247.032,-219.512,-213.852,-149.929,-81.574,-21.436,35.498,42.579,50.124,58.740,65.851,81.190,103.787
294.482,82136.328,0.972,18.057,158.407,161.332,6.000,3917.671,-2074.149,-104.296,-0.034,0.045,3.764,91.073,-318.062,-286.436,-245.779,-218.540,-213.229,-146.511,-80.610,-23.334,35.811,42.262,50.230,58.845,66.793,82.229,104.689
294.591,82189.922,0.972,18.072,158.407,161.398,6.000,3917.671,-2074.149,-104.296,-0.033,0.045,3.764,91.831,-316.613,-285.366,-244.735,-218.000,-212.399,-144.482,-79.540,-20.766,36.333,42.367,50.550,58.950,65.641,81.294,102.771
294.591,82189.922,0.972,18.072,158.717,161.398,6.000,3917.671,-2074.149,-104.296,-0.033,0.045,3.764,90.207,-316.390,-285.473,-244.317,-218.324,-212.295,-142.667,-79.004,-20.766,35.393,41.311,49.698,58.322,66.060,80.464,102.433
294.614,82202.383,0.972,33.165,534.559,545.956,6.000,3917.671,-2074.149,-104.296,-0.033,0.045,6.298,239.216,-1201.095,-1082.303,-960.121,-847.629,-622.041,-473.706,-376.181,-125.044,88.848,116.746,144.943,168.053,191.973,251.913,332.453
294.565,82181.977,0.972,33.143,535.407,545.861,6.000,3917.671,-2074.149,-104.296,-0.033,0.045,6.299,240.841,-1202.097,-1083.264,-960.433,-846.766,-620.069,-472.531,-374.682,-118.903,92.816,118.648,147.604,170.776,194.590,255.235,335.837
294.495,82143.812,0.972,33.160,534.242,545.905,6.000,3917.671,-2074.149,-104.296,-0.033,0.045,6.299,242.465,-1199.981,-1082.090,-959.079,-846.119,-617.681,-471.677,-373.398,-119.238,92.085,118.754,147.391,168.786,192.915,252.432,331.776
294.495,82143.812,0.972,33.160,534.242,545.905,6.000,3917.671,-2074.149,-104.296,-0.033,0.045,6.299,240.299,-1202.542,-1085.079,-961.578,-847.953,-622.041,-472.425,-374.254,-119.015,93.756,119.599,148.349,171.613,196.369,256.689,339.560
294.615,82204.062,0.972,33.140,533.771,546.054,6.000,3917.671,-2074.149,-104.296,-0.033,0.045,6.298,246.039,-1197.978,-1080.488,-956.993,-843.964,-616.332,-468.474,-370.079,-113.544,95.530,120.656,149.413,171.613,196.055,256.066,336.852
294.615,82204.062,0.972,33.140,533.771,546.054,6.000,3917.671,-2074.149,-104.296,-0.033,0.045,6.298,243.331,-1197.087,-1078.887,-956.056,-843.640,-617.369,-470.289,-372.862,-117.340,92.607,118.648,146.965,169.624,193.019,253.159,332.565
294.558,82178.297,0.972,33.119,533.023,545.306,6.000,3917.671,-2074.149,-104.296,-0.033,0.045,6.298,242.032,-1197.421,-1079.527,-956.056,-842.238,-616.227,-469.008,-370.400,-113.098,95.530,120.973,148.881,172.556,196.055,257.105,336.965
294.558,82178.297,0.972,33.119,533.023,545.306,6.000,3917.671,-2074.149,-104.296,-0.033,0.045,6.298,246.580,-1194.526,-1076.752,-955.431,-841.160,-617.576,-468.902,-370.721,-116.670,93.547,119.599,147.391,170.252,193.438,253.574,333.581
294.482,82141.039,0.972,33.091,532.020,544.475,6.000,3917.671,-2074.149,-104.296,-0.034,0.045,6.298,241.707,-1196.419,-1078.246,-956.577,-843.317,-622.248,-470.397,-373.719,-122.030,90.310,116.746,145.582,167.111,192.077,251.290,331.550
294.482,82141.039,0.972,33.091,532.020,544.475,6.000,3917.671,-2074.149,-104.296,-0.034,0.045,6.298,242.032,-1197.978,-1080.382,-957.827,-844.503,-619.964,-469.756,-372.541,-116.448,93.025,118.859,146.752,169.310,192.705,252.016,330.873
294.412,82104.297,0.972,33.097,532.095,544.792,6.000,3917.671,-2074.149,-104.296,-0.033,0.046,6.298,241.166,-1198.868,-1081.022,-957.619,-844.503,-623.182,-470.397,-373.933,-120.021,90.728,117.170,146.114,168.367,192.810,252.328,332.453
294.412,82104.297,0.972,33.097,532.095,544.792,6.000,3917.671,-2074.149,-104.296,-0.033,0.046,6.298,241.166,-1201.206,-1084.118,-961.370,-847.846,-625.985,-474.027,-375.753,-122.477,91.146,116.431,145.902,167.216,191.659,251.082,332.791
294.495,82144.719,0.972,33.091,532.986,544.609,6.000,3917.671,-2074.149,-104.296,-0.033,0.046,6.298,243.115,-1200.650,-1083.905,-961.161,-846.876,-625.570,-474.455,-376.181,-120.691,91.250,117.698,146.221,168.578,192.391,252.224,332.001
294.490,82143.359,0.972,33.024,529.881,544.495,6.000,3917.671,-2074.149,-104.296,-0.034,0.045,6.298,242.790,-1202.208,-1084.546,-962.412,-848.278,-623.390,-474.134,-376.181,-120.802,91.250,118.015,146.008,168.055,192.317,252.639,333.693
294.609,82202.258,0.972,33.091,529.881,544.495,6.000,3917.671,-2074.149,-104.296,-0.033,0.045,6.298,241.924,-1205.103,-1086.681,-962.829,-848.709,-627.231,-473.600,-375.003,-118.458,92.503,118.332,146.860,170.044,193.155,253.642,333.581
294.409,82102.555,0.972,33.066,531.105,544.606,6.000,3917.671,-2074.149,-104.296,-0.034,0.045,6.298,244.198,-1205.103,-1086.574,-963.662,-849.464,-620.171,-473.707,-375.860,-119.239,91.459,118.015,146.328,169.625,193.783,254.265,334.485
294.553,82179.141,0.972,33.084,531.105,544.606,6.000,3917.671,-2074.149,-104.296,-0.033,0.045,6.298,243.440,-1204.880,-1086.254,-962.516,-848.493,-621.832,-472.319,-374.682,-118.346,92.399,117.804,146.753,168.578,193.887,254.161,335.839
294.499,82144.594,0.972,33.061,531.047,544.896,6.000,3917.671,-2074.149,-104.296,-0.033,0.045,6.298,246.364,-1201.429,-1084.012,-961.161,-847.846,-623.390,-472.639,-374.468,-119.016,92.607,117.593,146.434,168.264,192.317,251.254,331.101
294.499,82144.594,0.972,33.061,531.047,544.896,6.000,3917.671,-2074.149,-104.296,-0.033,0.045,6.298,243.223,-1203.321,-1085.612,-961.787,-847.954,-623.286,-474.027,-375.110,-119.239,92.607,118.649,148.243,170.673,195.248,255.407,337.080
294.604,82200.383,0.972,33.133,532.200,544.628,6.000,3917.671,-2074.149,-104.296,-0.033,0.045,6.298,246.039,-1200.538,-1083.797,-959.703,-846.444,-615.811,-471.358,-370.721,-115.108,94.591,119.072,147.924,170.358,194.516,255.199,336.177
294.617,82201.156,0.972,10.454,53.111,53.433,14.000,3917.671,-2074.149,-104.296,-0.033,0.045,2.525,40.176,-40.246,-27.692,-29.339,-29.369,-27.303,-29.900,-31.366,-28.916,2.923,11.516,18.517,25.862,30.879,36.136,44.560
294.477,82129.609,0.972,10.475,53.307,53.359,14.000,3917.671,-2074.149,-104.296,-0.034,0.046,2.525,40.934,-40.468,-28.120,-29.548,-29.909,-28.444,-30.648,-32.544,-30.703,1.879,10.565,17.772,25.444,30.565,35.305,43.206
294.524,82151.695,0.972,10.453,53.083,53.391,14.000,3917.671,-2074.149,-104.296,-0.034,0.046,2.524,39.418,-42.141,-28.975,-30.801,-30.773,-29.171,-31.609,-32.758,-31.931,1.566,10.565,17.240,25.025,30.460,35.928,44.447
294.444,82113.016,0.972,10.484,53.387,53.500,14.000,3917.671,-2074.149,-104.296,-0.034,0.046,2.524,40.393,-40.134,-28.547,-29.652,-30.017,-28.341,-30.648,-30.724,-30.926,2.297,10.565,17.985,25.025,30.146,35.201,43.094
294.622,82204.773,0.972,10.493,53.506,53.545,14.000,3917.671,-2074.149,-104.296,-0.033,0.045,2.524,39.743,-38.908,-27.799,-29.130,-30.341,-27.406,-29.794,-30.510,-30.256,1.670,9.826,17.453,24.501,29.728,35.201,43.658
294.622,82204.773,0.972,10.493,53.506,53.545,14.000,3917.671,-2074.149,-104.296,-0.033,0.045,2.524,41.367,-37.124,-25.554,-28.086,-28.289,-27.302,-29.046,-30.189,-27.577,1.462,11.305,18.091,25.548,30.042,36.344,43.883
294.519,82148.461,0.972,10.475,53.510,53.579,14.000,3917.671,-2074.149,-104.296,-0.034,0.045,2.524,41.692,-38.685,-26.623,-29.130,-29.261,-28.029,-30.007,-31.473,-29.363,0.940,10.143,17.027,24.711,29.413,34.578,42.191
294.519,82148.461,0.972,10.475,53.310,53.507,14.000,3917.671,-2074.149,-104.296,-0.034,0.045,2.524,39.960,-41.360,-28.120,-30.070,-29.801,-28.652,-30.434,-31.580,-29.586,0.209,9.931,17.666,25.025,29.518,35.513,43.319
294.444,82111.461,0.972,10.486,53.407,53.560,14.000,3917.671,-2074.149,-104.296,-0.034,0.045,2.524,42.450,-39.688,-26.730,-29.026,-28.397,-27.925,-28.619,-30.082,-27.577,1.462,11.411,17.559,25.548,29.413,35.824,42.868
294.626,82204.578,0.972,10.465,53.220,53.624,14.000,3917.671,-2074.149,-104.296,-0.033,0.045,2.524,41.692,-39.354,-26.623,-29.026,-29.909,-28.029,-29.260,-30.938,-30.145,0.626,9.509,16.708,23.978,28.785,34.474,42.078
294.488,82134.969,0.972,10.456,53.112,53.529,14.000,3917.671,-2074.149,-104.296,-0.033,0.045,2.525,41.801,-38.462,-26.944,-28.086,-28.397,-26.472,-28.192,-28.583,-26.125,2.088,11.411,18.091,25.444,30.356,35.928,44.222
294.488,82134.969,0.972,10.456,53.112,53.529,14.000,3917.671,-2074.149,-104.296,-0.033,0.045,2.525,44.833,-36.009,-24.591,-25.998,-26.022,-24.500,-27.017,-27.726,-26.460,1.775,10.354,16.495,24.606,29.099,33.955,41.289
294.589,82188.242,0.972,10.481,53.381,53.517,14.000,3917.671,-2074.149,-104.296,-0.034,0.045,2.525,40.285,-38.796,-27.478,-28.295,-28.073,-26.472,-28.619,-29.546,-27.800,1.253,9.403,17.027,24.397,29.518,34.578,43.319
294.589,82188.242,0.972,10.481,53.381,53.517,14.000,3917.671,-2074.149,-104.296,-0.034,0.045,2.525,42.775,-36.901,-26.088,-26.102,-26.778,-24.396,-27.017,-27.191,-24.562,3.341,10.777,18.517,24.816,30.460,35.720,44.109
294.623,82203.031,0.972,10.441,52.985,53.550,14.000,3917.671,-2074.149,-104.296,-0.033,0.045,2.525,43.966,-34.560,-24.057,-25.371,-25.698,-23.980,-26.697,-28.369,-26.795,0.626,9.403,15.857,23.768,28.471,33.431,40.273
294.623,82203.031,0.972,10.441,52.985,53.550,14.000,3917.671,-2074.149,-104.296,-0.033,0.045,2.525,41.584,-38.462,-25.554,-27.564,-27.101,-26.057,-27.978,-29.760,-27.465,1.879,10.882,17.666,25.339,29.728,35.819,45.012
294.529,82155.242,0.972,10.508,53.646,53.578,14.000,3917.671,-2074.149,-104.296,-0.034,0.045,2.525,44.941,-37.458,-25.019,-26.415,-26.130,-24.915,-27.871,-29.546,-27.130,2.088,11.833,18.091,25.130,30.042,35.300,42.530
294.529,82155.242,0.972,10.508,53.646,53.578,14.000,3917.671,-2074.149,-104.296,-0.034,0.045,2.525,42.559,-38.573,-25.340,-27.146,-28.181,-26.887,-29.153,-31.794,-28.917,-0.521,9.826,15.857,23.873,28.576,34.470,41.402
294.438,82112.820,0.972,10.483,53.386,53.763,14.000,3917.671,-2074.149,-104.296,-0.034,0.046,2.525,42.125,-38.239,-25.661,-27.773,-26.886,-26.368,-27.978,-28.476,-23.558,1.984,11.305,17.666,25.653,30.146,35.715,43.658
294.438,82112.820,0.972,10.483,53.386,53.763,14.000,3917.671,-2074.149,-104.296,-0.034,0.046,2.525,43.100,-37.904,-25.661,-26.624,-26.886,-25.953,-28.192,-28.797,-25.232,2.297,10.988,17.772,24.816,29.832,34.885,42.417
294.627,82202.125,0.972,18.128,159.705,163.736,14.000,3917.671,-2074.149,-104.296,-0.033,0.045,3.990,102.552,-126.199,-106.384,-108.168,-111.429,-106.822,-107.427,-108.015,-110.306,-22.515,7.397,29.691,44.500,58.617,79.748,104.349
294.548,82158.344,0.972,18.135,159.786,163.680,14.000,3917.671,-2074.149,-104.296,-0.033,0.046,3.990,108.941,-119.733,-100.611,-102.947,-105.814,-102.462,-103.369,-102.127,-95.792,-19.388,7.925,30.223,45.442,59.141,80.163,106.606
294.548,82158.344,0.972,18.135,159.786,163.504,14.000,3917.671,-2074.149,-104.296,-0.033,0.046,3.990,109.483,-122.520,-102.001,-103.678,-105.383,-104.642,-105.612,-106.195,-104.054,-20.847,7.291,29.159,44.709,57.361,78.813,103.560
294.456,82117.859,0.972,18.180,160.546,163.748,14.000,3917.671,-2074.149,-104.296,-0.033,0.046,3.990,110.132,-121.517,-100.183,-103.887,-104.519,-102.774,-103.263,-105.767,-101.375,-21.160,7.925,29.797,45.442,58.722,80.579,106.718
294.456,82117.859,0.972,18.180,160.546,163.748,14.000,3917.671,-2074.149,-104.296,-0.033,0.046,3.990,110.349,-118.618,-97.938,-100.650,-102.575,-101.113,-100.806,-103.091,-102.268,-20.326,8.348,30.436,46.175,59.141,80.475,105.477
294.629,82205.484,0.972,18.148,160.059,163.656,14.000,3917.671,-2074.149,-104.296,-0.033,0.045,3.990,112.190,-115.274,-95.585,-100.128,-102.252,-101.009,-100.700,-102.449,-99.030,-20.534,7.819,28.946,45.547,58.199,79.956,104.688
294.537,82155.437,0.972,18.173,160.235,163.652,14.000,3917.671,-2074.149,-104.296,-0.034,0.046,3.990,107.750,-120.179,-100.290,-103.574,-105.059,-101.216,-101.234,-102.235,-100.146,-19.075,8.453,30.223,46.385,59.978,81.928,108.072
294.576,82178.492,0.972,18.129,159.700,163.746,14.000,3917.671,-2074.149,-104.296,-0.034,0.045,3.990,112.623,-115.051,-96.762,-99.189,-102.360,-97.998,-98.885,-99.772,-102.938,-19.179,9.616,31.500,47.118,61.025,82.136,108.072
294.443,82113.727,0.972,18.123,159.545,163.563,14.000,3917.671,-2074.149,-104.296,-0.033,0.046,3.989,106.559,-119.510,-100.824,-103.574,-105.167,-101.839,-104.010,-106.410,-109.191,-17.929,10.356,31.713,47.536,61.025,82.759,107.959
294.628,82204.062,0.972,18.151,160.116,163.726,14.000,3917.671,-2074.149,-104.296,-0.033,0.045,3.989,99.520,-124.192,-107.026,-110.674,-112.401,-108.899,-110.097,-109.835,-108.074,-17.717,10.144,32.564,47.432,62.176,83.694,111.344
294.628,82204.062,0.972,18.151,160.116,163.726,14.000,3917.671,-2074.149,-104.296,-0.033,0.045,3.989,97.895,-125.753,-108.095,-110.987,-112.077,-107.341,-108.495,-108.872,-110.307,-20.219,9.086,32.564,48.374,61.758,83.901,109.877
294.546,82159.633,0.972,18.091,159.010,163.399,14.000,3917.671,-2074.149,-104.296,-0.034,0.046,3.989,99.303,-127.091,-108.523,-112.866,-114.345,-111.390,-112.019,-115.616,-114.550,-19.385,11.305,33.522,49.631,62.490,85.667,111.908
294.546,82159.633,0.972,18.091,159.010,163.399,14.000,3917.671,-2074.149,-104.296,-0.034,0.045,3.989,87.391,-136.456,-117.718,-121.741,-123.091,-121.148,-119.815,-120.862,-117.899,-18.030,12.150,34.799,51.097,64.584,87.640,113.713
294.585,82178.359,0.972,18.078,158.810,163.643,14.000,3917.671,-2074.149,-104.296,-0.034,0.045,3.989,88.149,-135.006,-116.648,-119.026,-119.311,-116.477,-115.757,-116.579,-114.550,-22.407,9.298,31.288,47.642,61.035,83.798,107.508
294.629,82202.000,0.972,18.119,159.551,163.395,14.000,3917.671,-2074.149,-104.296,-0.033,0.045,3.989,99.736,-129.098,-109.164,-112.448,-113.373,-110.663,-108.068,-107.480,-98.361,-17.822,10.777,32.352,48.689,61.872,84.513,109.764
294.471,82125.156,0.972,18.053,159.551,163.395,14.000,3917.671,-2074.149,-104.296,-0.034,0.046,3.989,98.437,-129.990,-111.089,-114.015,-114.129,-111.805,-112.340,-113.368,-110.642,-19.593,9.086,31.394,46.176,59.778,81.191,106.156
294.541,82160.219,0.972,18.106,158.328,163.329,14.000,3917.671,-2074.149,-104.296,-0.033,0.046,3.989,101.469,-125.976,-109.164,-112.135,-113.589,-109.418,-111.058,-112.833,-114.215,-20.114,9.509,32.032,48.165,61.872,84.202,110.104
294.590,82179.461,0.972,18.111,159.381,163.371,14.000,3917.671,-2074.149,-104.296,-0.033,0.045,3.989,98.762,-130.435,-112.265,-114.537,-116.072,-110.871,-112.340,-112.833,-110.196,-18.760,9.509,32.565,47.432,61.768,83.682,109.202
294.458,82117.078,0.972,18.109,159.381,163.371,14.000,3917.671,-2074.149,-104.296,-0.034,0.046,3.989,97.029,-130.101,-111.516,-114.223,-115.856,-110.871,-111.806,-112.083,-112.540,-19.176,9.086,31.181,46.909,61.035,83.059,109.540
294.458,82117.078,0.972,18.109,159.299,163.203,14.000,3917.671,-2074.149,-104.296,-0.034,0.046,3.989,101.361,-127.648,-108.095,-111.091,-111.645,-107.757,-107.855,-108.658,-105.283,-19.281,10.037,32.032,47.956,61.035,83.475,108.863
294.444,82109.141,0.971,34.447,576.362,564.527,14.000,3917.671,-2074.149,-104.296,-0.034,0.046,6.808,281.448,-502.232,-480.493,-493.019,-475.409,-473.692,-494.100,-517.809,-553.540,-88.496,17.858,99.076,147.007,195.949,283.997,381.974
294.636,82206.516,0.972,34.455,576.963,565.397,14.000,3917.671,-2074.149,-104.296,-0.034,0.045,6.808,272.027,-511.597,-484.984,-490.305,-473.033,-468.813,-468.899,-471.670,-468.801,-92.353,18.281,100.247,148.996,196.473,285.347,380.733
294.468,82120.312,0.972,34.499,579.544,564.899,14.000,3917.671,-2074.149,-104.296,-0.033,0.045,6.808,299.533,-483.057,-459.537,-469.110,-452.302,-446.078,-447.862,-457.111,-444.908,-97.981,14.054,95.883,143.028,191.239,279.947,375.770
294.468,82120.312,0.972,34.499,578.158,564.899,14.000,3917.671,-2074.149,-104.296,-0.033,0.045,6.808,302.024,-500.783,-475.254,-482.892,-458.241,-449.400,-448.823,-450.259,-450.714,-100.796,11.201,93.968,141.667,189.773,278.909,374.303
294.463,82116.367,0.971,34.454,576.616,566.052,14.000,3917.671,-2074.149,-104.296,-0.034,0.046,6.806,303.865,-480.604,-455.581,-463.472,-441.076,-432.271,-433.446,-438.162,-439.326,-102.568,9.193,91.095,139.258,185.900,274.859,370.693
294.463,82116.367,0.971,34.454,576.616,566.052,14.000,3917.671,-2074.149,-104.296,-0.034,0.046,6.806,312.420,-486.067,-458.147,-463.577,-440.860,-429.054,-428.213,-427.778,-437.316,-100.900,9.405,91.095,138.421,185.377,271.848,366.632
294.544,82159.445,0.972,34.451,576.400,565.411,14.000,3917.671,-2074.149,-104.296,-0.033,0.046,6.803,327.905,-471.240,-447.562,-456.477,-433.517,-422.721,-418.924,-422.640,-431.957,-103.401,6.023,87.902,134.756,181.609,267.175,360.540
294.544,82159.445,0.972,34.451,576.666,565.573,14.000,3917.671,-2074.149,-104.296,-0.033,0.046,6.803,340.575,-456.413,-433.342,-446.767,-424.987,-414.832,-412.517,-413.969,-406.056,-99.336,5.917,86.731,133.604,180.667,266.241,358.171
294.632,82203.422,0.972,34.362,573.818,564.592,14.000,3917.671,-2074.149,-104.296,-0.033,0.045,6.803,348.156,-447.940,-423.933,-437.370,-408.575,-400.817,-404.081,-408.938,-414.434,-100.483,4.438,85.774,131.824,178.573,262.814,355.125
294.496,82135.680,0.972,34.427,575.774,565.154,14.000,3917.671,-2074.149,-104.296,-0.034,0.046,6.802,342.308,-450.169,-424.254,-437.161,-414.190,-403.413,-405.256,-405.619,-418.788,-105.158,3.276,84.922,132.138,178.364,264.164,357.043
294.496,82135.680,0.972,34.427,575.774,565.154,14.000,3917.671,-2074.149,-104.296,-0.034,0.046,6.802,342.525,-452.176,-423.612,-436.117,-407.711,-400.610,-404.295,-408.189,-411.978,-103.803,4.015,85.135,133.395,179.934,265.825,360.202
294.647,82212.266,0.972,34.374,574.254,564.392,14.000,3917.671,-2074.149,-104.296,-0.033,0.045,6.802,356.819,-428.988,-409.927,-425.572,-401.665,-396.457,-399.276,-408.082,-421.803,-95.882,9.298,89.393,135.803,182.132,268.006,364.037
294.455,82115.141,0.972,34.306,571.676,564.515,14.000,3917.671,-2074.149,-104.296,-0.033,0.046,6.801,328.772,-455.632,-432.059,-443.217,-419.265,-411.406,-414.867,-427.030,-457.083,-109.639,1.690,83.646,132.245,178.783,266.448,360.315
294.628,82200.258,0.972,34.326,572.608,564.262,14.000,3917.671,-2074.149,-104.296,-0.033,0.045,6.801,329.205,-463.659,-438.367,-450.421,-429.846,-423.241,-426.079,-436.129,-443.909,-105.158,5.177,88.222,136.433,183.418,270.810,366.293
294.628,82200.258,0.972,34.326,572.608,564.262,14.000,3917.671,-2074.149,-104.296,-0.033,0.045,6.801,334.836,-455.075,-430.776,-444.261,-420.668,-409.849,-410.809,-416.111,-406.842,-102.657,4.754,85.562,131.826,178.184,262.052,354.787
294.614,82197.477,0.972,34.304,571.881,564.251,14.000,3917.671,-2074.149,-104.296,-0.033,0.045,6.800,348.805,-449.055,-424.147,-436.848,-414.838,-406.319,-411.129,-416.111,-405.614,-106.409,0.634,81.837,128.476,175.567,261.740,357.611
294.511,82143.750,0.972,34.300,571.574,564.387,14.000,3917.671,-2074.149,-104.296,-0.034,0.045,6.800,351.513,-443.035,-418.480,-428.078,-405.228,-396.457,-399.916,-400.481,-398.245,-103.178,2.007,83.220,130.884,178.498,264.647,362.801
294.511,82143.750,0.972,34.300,571.574,564.387,14.000,3917.671,-2074.149,-104.296,-0.034,0.045,6.800,347.073,-447.717,-423.078,-433.194,-412.570,-401.648,-407.285,-413.220,-430.176,-104.012,1.690,82.582,128.685,175.148,260.598,354.453
294.669,82219.625,0.972,34.352,573.518,564.726,14.000,3917.671,-2074.149,-104.296,-0.033,0.045,6.798,338.301,-455.186,-433.128,-447.185,-421.532,-410.576,-412.197,-417.930,-424.036,-101.823,4.860,86.200,134.025,181.220,268.904,365.734
294.486,82133.937,0.972,34.307,571.776,564.486,14.000,3917.671,-2074.149,-104.296,-0.034,0.046,6.798,331.479,-458.977,-431.311,-441.338,-415.270,-402.893,-403.334,-406.797,-403.828,-102.969,4.121,84.604,132.036,179.335,265.893,360.544
